effect_id,master_id,analysis_cell,microcell_id,predictor,outcome,time,effect_measure,threshold,source_type,umbrella_role,selected_as_anchor,own_cohort_or_hybrid_excluded,exact_microcell_fields_present,complete_estimate_and_interval,paired_accuracy_reporting_available,robis_consensus_overall,primary_study_list_status,n_unique_primary_studies,studies_k,participants_n,search_end_date,year,selection_or_exclusion_reason,hierarchy
FE-0133,FT-021,AI_MODELS,AI_MODELS | AI models reporting AUC | Shunt response | Varied | AUC range | NR,AI models reporting AUC,Shunt response,Varied,AUC range,NR,CODEX_COMPLEMENTARY_EXTRACTION,EXPLORATORY_NO_POOL,False,False,True,True,False,UNCLEAR,INCOMPLETE_OR_PLACEHOLDER,8,4,NR,NR,2024,Exploratory or non-comparable estimate; retained descriptively and not eligible as an anchor.,"1 exclude own-cohort/hybrid estimates; 2 require exact predictor-outcome-time-measure-threshold microcell; 3 prefer complete paired/interval reporting; 4 prefer lower ROBIS and usable primary-study lists/overlap data; 5 prefer larger evidence base, then more recent search; 6 resolve ties by two-reviewer adjudication; magnitude/direction never used"
FE-0135,FT-027,AI_MODELS,AI_MODELS | All ML models | Accuracy | Varied | Mean accuracy | NR,All ML models,Accuracy,Varied,Mean accuracy,NR,CODEX_COMPLEMENTARY_EXTRACTION,EXPLORATORY_NO_POOL,False,False,True,False,False,UNCLEAR,INCOMPLETE_OR_PLACEHOLDER,22,53,NR,January 2023,2023,Exploratory or non-comparable estimate; retained descriptively and not eligible as an anchor.,"1 exclude own-cohort/hybrid estimates; 2 require exact predictor-outcome-time-measure-threshold microcell; 3 prefer complete paired/interval reporting; 4 prefer lower ROBIS and usable primary-study lists/overlap data; 5 prefer larger evidence base, then more recent search; 6 resolve ties by two-reviewer adjudication; magnitude/direction never used"
FE-0136,FT-027,AI_MODELS,AI_MODELS | Diagnostic models | Accuracy | Varied | Mean accuracy | NR,Diagnostic models,Accuracy,Varied,Mean accuracy,NR,CODEX_COMPLEMENTARY_EXTRACTION,EXPLORATORY_NO_POOL,False,False,True,False,False,UNCLEAR,INCOMPLETE_OR_PLACEHOLDER,22,,NR,January 2023,2023,Exploratory or non-comparable estimate; retained descriptively and not eligible as an anchor.,"1 exclude own-cohort/hybrid estimates; 2 require exact predictor-outcome-time-measure-threshold microcell; 3 prefer complete paired/interval reporting; 4 prefer lower ROBIS and usable primary-study lists/overlap data; 5 prefer larger evidence base, then more recent search; 6 resolve ties by two-reviewer adjudication; magnitude/direction never used"
FE-0138,FT-027,AI_MODELS,AI_MODELS | Diagnostic models | Discrimination | Varied | Mean AUC | NR,Diagnostic models,Discrimination,Varied,Mean AUC,NR,CODEX_COMPLEMENTARY_EXTRACTION,EXPLORATORY_NO_POOL,False,False,True,False,False,UNCLEAR,INCOMPLETE_OR_PLACEHOLDER,22,,NR,January 2023,2023,Exploratory or non-comparable estimate; retained descriptively and not eligible as an anchor.,"1 exclude own-cohort/hybrid estimates; 2 require exact predictor-outcome-time-measure-threshold microcell; 3 prefer complete paired/interval reporting; 4 prefer lower ROBIS and usable primary-study lists/overlap data; 5 prefer larger evidence base, then more recent search; 6 resolve ties by two-reviewer adjudication; magnitude/direction never used"
FE-0137,FT-027,AI_MODELS,AI_MODELS | Interventional models | Accuracy | Varied | Mean accuracy | NR,Interventional models,Accuracy,Varied,Mean accuracy,NR,CODEX_COMPLEMENTARY_EXTRACTION,EXPLORATORY_NO_POOL,False,False,True,False,False,UNCLEAR,INCOMPLETE_OR_PLACEHOLDER,22,,NR,January 2023,2023,Exploratory or non-comparable estimate; retained descriptively and not eligible as an anchor.,"1 exclude own-cohort/hybrid estimates; 2 require exact predictor-outcome-time-measure-threshold microcell; 3 prefer complete paired/interval reporting; 4 prefer lower ROBIS and usable primary-study lists/overlap data; 5 prefer larger evidence base, then more recent search; 6 resolve ties by two-reviewer adjudication; magnitude/direction never used"
FE-0139,FT-027,AI_MODELS,AI_MODELS | Interventional models | Discrimination | Varied | Mean AUC | NR,Interventional models,Discrimination,Varied,Mean AUC,NR,CODEX_COMPLEMENTARY_EXTRACTION,EXPLORATORY_NO_POOL,False,False,True,False,False,UNCLEAR,INCOMPLETE_OR_PLACEHOLDER,22,,NR,January 2023,2023,Exploratory or non-comparable estimate; retained descriptively and not eligible as an anchor.,"1 exclude own-cohort/hybrid estimates; 2 require exact predictor-outcome-time-measure-threshold microcell; 3 prefer complete paired/interval reporting; 4 prefer lower ROBIS and usable primary-study lists/overlap data; 5 prefer larger evidence base, then more recent search; 6 resolve ties by two-reviewer adjudication; magnitude/direction never used"
FE-0117,FT-059,BENEFIT_HARM_DURABILITY,BENEFIT_HARM_DURABILITY | Elevated resistance to CSF outflow | Positive shunt response | Varied | OR | Rout ≥18 mmHg/mL/min,Elevated resistance to CSF outflow,Positive shunt response,Varied,OR,Rout ≥18 mmHg/mL/min,GUIDELINE_EVIDENCE_SYNTHESIS,SUPPORTING_CONCORDANCE_ONLY,False,False,True,True,False,UNCLEAR,INCOMPLETE_OR_PLACEHOLDER,36,NR,95,November 2013 plus two later studies,2015,Eligible supporting estimate; not selected after matched-cell adjudication and retained only for direction/concordance.,"1 exclude own-cohort/hybrid estimates; 2 require exact predictor-outcome-time-measure-threshold microcell; 3 prefer complete paired/interval reporting; 4 prefer lower ROBIS and usable primary-study lists/overlap data; 5 prefer larger evidence base, then more recent search; 6 resolve ties by two-reviewer adjudication; magnitude/direction never used"
FE-0113,FT-053,BENEFIT_HARM_DURABILITY,BENEFIT_HARM_DURABILITY | Radionuclide cisternography | Shunt response | Varied | NPV | Study-specific abnormal cisternography,Radionuclide cisternography,Shunt response,Varied,NPV,Study-specific abnormal cisternography,SYSTEMATIC_REVIEW_COMPONENT,SUPPORTING_CONCORDANCE_ONLY,False,False,True,False,True,HIGH,INCOMPLETE_OR_PLACEHOLDER,35,NÃO EXTRAÍVEL,64,March 2000,2001,Eligible supporting estimate; not selected after matched-cell adjudication and retained only for direction/concordance.,"1 exclude own-cohort/hybrid estimates; 2 require exact predictor-outcome-time-measure-threshold microcell; 3 prefer complete paired/interval reporting; 4 prefer lower ROBIS and usable primary-study lists/overlap data; 5 prefer larger evidence base, then more recent search; 6 resolve ties by two-reviewer adjudication; magnitude/direction never used"
FE-0112,FT-053,BENEFIT_HARM_DURABILITY,BENEFIT_HARM_DURABILITY | Radionuclide cisternography | Shunt response | Varied | PPV | Study-specific abnormal cisternography,Radionuclide cisternography,Shunt response,Varied,PPV,Study-specific abnormal cisternography,SYSTEMATIC_REVIEW_COMPONENT,SUPPORTING_CONCORDANCE_ONLY,False,False,True,False,True,HIGH,INCOMPLETE_OR_PLACEHOLDER,35,NÃO EXTRAÍVEL,64,March 2000,2001,Eligible supporting estimate; not selected after matched-cell adjudication and retained only for direction/concordance.,"1 exclude own-cohort/hybrid estimates; 2 require exact predictor-outcome-time-measure-threshold microcell; 3 prefer complete paired/interval reporting; 4 prefer lower ROBIS and usable primary-study lists/overlap data; 5 prefer larger evidence base, then more recent search; 6 resolve ties by two-reviewer adjudication; magnitude/direction never used"
FE-0110,FT-053,BENEFIT_HARM_DURABILITY,BENEFIT_HARM_DURABILITY | Radionuclide cisternography | Shunt response | Varied | Sensitivity | Study-specific abnormal cisternography,Radionuclide cisternography,Shunt response,Varied,Sensitivity,Study-specific abnormal cisternography,SYSTEMATIC_REVIEW_COMPONENT,SUPPORTING_CONCORDANCE_ONLY,False,False,True,False,True,HIGH,INCOMPLETE_OR_PLACEHOLDER,35,NÃO EXTRAÍVEL,64,March 2000,2001,Eligible supporting estimate; not selected after matched-cell adjudication and retained only for direction/concordance.,"1 exclude own-cohort/hybrid estimates; 2 require exact predictor-outcome-time-measure-threshold microcell; 3 prefer complete paired/interval reporting; 4 prefer lower ROBIS and usable primary-study lists/overlap data; 5 prefer larger evidence base, then more recent search; 6 resolve ties by two-reviewer adjudication; magnitude/direction never used"
FE-0111,FT-053,BENEFIT_HARM_DURABILITY,BENEFIT_HARM_DURABILITY | Radionuclide cisternography | Shunt response | Varied | Specificity | Study-specific abnormal cisternography,Radionuclide cisternography,Shunt response,Varied,Specificity,Study-specific abnormal cisternography,SYSTEMATIC_REVIEW_COMPONENT,SUPPORTING_CONCORDANCE_ONLY,False,False,True,False,True,HIGH,INCOMPLETE_OR_PLACEHOLDER,35,NÃO EXTRAÍVEL,64,March 2000,2001,Eligible supporting estimate; not selected after matched-cell adjudication and retained only for direction/concordance.,"1 exclude own-cohort/hybrid estimates; 2 require exact predictor-outcome-time-measure-threshold microcell; 3 prefer complete paired/interval reporting; 4 prefer lower ROBIS and usable primary-study lists/overlap data; 5 prefer larger evidence base, then more recent search; 6 resolve ties by two-reviewer adjudication; magnitude/direction never used"
FE-0108,FT-053,BENEFIT_HARM_DURABILITY,BENEFIT_HARM_DURABILITY | Shunt surgery | Additional surgery | Varied | Pooled/aggregate proportion (%) | NR,Shunt surgery,Additional surgery,Varied,Pooled/aggregate proportion (%),,SYSTEMATIC_REVIEW_COMPONENT,SUPPORTING_CONCORDANCE_ONLY,False,False,True,False,True,HIGH,INCOMPLETE_OR_PLACEHOLDER,35,44 review reports / subset varies,NÃO EXTRAÍVEL,March 2000,2001,Eligible supporting estimate; not selected after matched-cell adjudication and retained only for direction/concordance.,"1 exclude own-cohort/hybrid estimates; 2 require exact predictor-outcome-time-measure-threshold microcell; 3 prefer complete paired/interval reporting; 4 prefer lower ROBIS and usable primary-study lists/overlap data; 5 prefer larger evidence base, then more recent search; 6 resolve ties by two-reviewer adjudication; magnitude/direction never used"
FE-0107,FT-053,BENEFIT_HARM_DURABILITY,BENEFIT_HARM_DURABILITY | Shunt surgery | Any complication | Varied | Pooled/aggregate proportion (%) | NR,Shunt surgery,Any complication,Varied,Pooled/aggregate proportion (%),,SYSTEMATIC_REVIEW_COMPONENT,SUPPORTING_CONCORDANCE_ONLY,False,False,True,False,True,HIGH,INCOMPLETE_OR_PLACEHOLDER,35,44 review reports / subset varies,NÃO EXTRAÍVEL,March 2000,2001,Eligible supporting estimate; not selected after matched-cell adjudication and retained only for direction/concordance.,"1 exclude own-cohort/hybrid estimates; 2 require exact predictor-outcome-time-measure-threshold microcell; 3 prefer complete paired/interval reporting; 4 prefer lower ROBIS and usable primary-study lists/overlap data; 5 prefer larger evidence base, then more recent search; 6 resolve ties by two-reviewer adjudication; magnitude/direction never used"
FE-0105,FT-053,BENEFIT_HARM_DURABILITY,BENEFIT_HARM_DURABILITY | Shunt surgery | Any postoperative improvement | Varied | Pooled/aggregate proportion (%) | NR,Shunt surgery,Any postoperative improvement,Varied,Pooled/aggregate proportion (%),,SYSTEMATIC_REVIEW_COMPONENT,SUPPORTING_CONCORDANCE_ONLY,False,False,True,False,True,HIGH,INCOMPLETE_OR_PLACEHOLDER,35,44 review reports / subset varies,NÃO EXTRAÍVEL,March 2000,2001,Eligible supporting estimate; not selected after matched-cell adjudication and retained only for direction/concordance.,"1 exclude own-cohort/hybrid estimates; 2 require exact predictor-outcome-time-measure-threshold microcell; 3 prefer complete paired/interval reporting; 4 prefer lower ROBIS and usable primary-study lists/overlap data; 5 prefer larger evidence base, then more recent search; 6 resolve ties by two-reviewer adjudication; magnitude/direction never used"
FE-0109,FT-053,BENEFIT_HARM_DURABILITY,BENEFIT_HARM_DURABILITY | Shunt surgery | Permanent neurological deficit or death | Varied | Pooled/aggregate proportion (%) | NR,Shunt surgery,Permanent neurological deficit or death,Varied,Pooled/aggregate proportion (%),,SYSTEMATIC_REVIEW_COMPONENT,SUPPORTING_CONCORDANCE_ONLY,False,False,True,False,True,HIGH,INCOMPLETE_OR_PLACEHOLDER,35,44 review reports / subset varies,NÃO EXTRAÍVEL,March 2000,2001,Eligible supporting estimate; not selected after matched-cell adjudication and retained only for direction/concordance.,"1 exclude own-cohort/hybrid estimates; 2 require exact predictor-outcome-time-measure-threshold microcell; 3 prefer complete paired/interval reporting; 4 prefer lower ROBIS and usable primary-study lists/overlap data; 5 prefer larger evidence base, then more recent search; 6 resolve ties by two-reviewer adjudication; magnitude/direction never used"
FE-0106,FT-053,BENEFIT_HARM_DURABILITY,BENEFIT_HARM_DURABILITY | Shunt surgery | Prolonged improvement | Varied | Pooled/aggregate proportion (%) | NR,Shunt surgery,Prolonged improvement,Varied,Pooled/aggregate proportion (%),,SYSTEMATIC_REVIEW_COMPONENT,SUPPORTING_CONCORDANCE_ONLY,False,False,True,False,True,HIGH,INCOMPLETE_OR_PLACEHOLDER,35,44 review reports / subset varies,NÃO EXTRAÍVEL,March 2000,2001,Eligible supporting estimate; not selected after matched-cell adjudication and retained only for direction/concordance.,"1 exclude own-cohort/hybrid estimates; 2 require exact predictor-outcome-time-measure-threshold microcell; 3 prefer complete paired/interval reporting; 4 prefer lower ROBIS and usable primary-study lists/overlap data; 5 prefer larger evidence base, then more recent search; 6 resolve ties by two-reviewer adjudication; magnitude/direction never used"
FE-0115,FT-059,BENEFIT_HARM_DURABILITY,BENEFIT_HARM_DURABILITY | Shunt vs no shunt | Gait improvement | 6 months | Risk difference | NR,Shunt vs no shunt,Gait improvement,6 months,Risk difference,,GUIDELINE_EVIDENCE_SYNTHESIS,SUPPORTING_CONCORDANCE_ONLY,False,False,True,True,False,UNCLEAR,INCOMPLETE_OR_PLACEHOLDER,36,NR,NÃO EXTRAÍVEL,November 2013 plus two later studies,2015,Eligible supporting estimate; not selected after matched-cell adjudication and retained only for direction/concordance.,"1 exclude own-cohort/hybrid estimates; 2 require exact predictor-outcome-time-measure-threshold microcell; 3 prefer complete paired/interval reporting; 4 prefer lower ROBIS and usable primary-study lists/overlap data; 5 prefer larger evidence base, then more recent search; 6 resolve ties by two-reviewer adjudication; magnitude/direction never used"
FE-0114,FT-059,BENEFIT_HARM_DURABILITY,BENEFIT_HARM_DURABILITY | Shunt vs no shunt | Subjective/global symptom improvement | 6 months | Risk difference | NR,Shunt vs no shunt,Subjective/global symptom improvement,6 months,Risk difference,,GUIDELINE_EVIDENCE_SYNTHESIS,SUPPORTING_CONCORDANCE_ONLY,False,False,True,True,False,UNCLEAR,INCOMPLETE_OR_PLACEHOLDER,36,NR,NÃO EXTRAÍVEL,November 2013 plus two later studies,2015,Eligible supporting estimate; not selected after matched-cell adjudication and retained only for direction/concordance.,"1 exclude own-cohort/hybrid estimates; 2 require exact predictor-outcome-time-measure-threshold microcell; 3 prefer complete paired/interval reporting; 4 prefer lower ROBIS and usable primary-study lists/overlap data; 5 prefer larger evidence base, then more recent search; 6 resolve ties by two-reviewer adjudication; magnitude/direction never used"
FE-0116,FT-059,BENEFIT_HARM_DURABILITY,BENEFIT_HARM_DURABILITY | Shunting | Serious adverse event risk | Varied | Risk (%) | NR,Shunting,Serious adverse event risk,Varied,Risk (%),,GUIDELINE_EVIDENCE_SYNTHESIS,SUPPORTING_CONCORDANCE_ONLY,False,False,True,False,False,UNCLEAR,INCOMPLETE_OR_PLACEHOLDER,36,NR,NR,November 2013 plus two later studies,2015,Eligible supporting estimate; not selected after matched-cell adjudication and retained only for direction/concordance.,"1 exclude own-cohort/hybrid estimates; 2 require exact predictor-outcome-time-measure-threshold microcell; 3 prefer complete paired/interval reporting; 4 prefer lower ROBIS and usable primary-study lists/overlap data; 5 prefer larger evidence base, then more recent search; 6 resolve ties by two-reviewer adjudication; magnitude/direction never used"
FE-0154,FT-059,BENEFIT_HARM_DURABILITY,BENEFIT_HARM_DURABILITY | Shunting | Subjective improvement at 6 months | 6 months | Probability | NR,Shunting,Subjective improvement at 6 months,6 months,Probability,NR,CODEX_COMPLEMENTARY_EXTRACTION,SUPPORTING_CONCORDANCE_ONLY,False,False,True,False,False,UNCLEAR,INCOMPLETE_OR_PLACEHOLDER,36,3,NR,November 2013 plus two later studies,2015,Eligible supporting estimate; not selected after matched-cell adjudication and retained only for direction/concordance.,"1 exclude own-cohort/hybrid estimates; 2 require exact predictor-outcome-time-measure-threshold microcell; 3 prefer complete paired/interval reporting; 4 prefer lower ROBIS and usable primary-study lists/overlap data; 5 prefer larger evidence base, then more recent search; 6 resolve ties by two-reviewer adjudication; magnitude/direction never used"
FE-0155,FT-059,BENEFIT_HARM_DURABILITY,BENEFIT_HARM_DURABILITY | Shunting | Timed-walk improvement at 6 months | 6 months | Probability | NR,Shunting,Timed-walk improvement at 6 months,6 months,Probability,NR,CODEX_COMPLEMENTARY_EXTRACTION,SUPPORTING_CONCORDANCE_ONLY,False,False,True,False,False,UNCLEAR,INCOMPLETE_OR_PLACEHOLDER,36,3,NR,November 2013 plus two later studies,2015,Eligible supporting estimate; not selected after matched-cell adjudication and retained only for direction/concordance.,"1 exclude own-cohort/hybrid estimates; 2 require exact predictor-outcome-time-measure-threshold microcell; 3 prefer complete paired/interval reporting; 4 prefer lower ROBIS and usable primary-study lists/overlap data; 5 prefer larger evidence base, then more recent search; 6 resolve ties by two-reviewer adjudication; magnitude/direction never used"
FE-0065,FT-030,BIOMARKERS,BIOMARKERS | CSF amyloid-β42 | Shunt responder vs nonresponder | Varied | SMD | Continuous biomarker,CSF amyloid-β42,Shunt responder vs nonresponder,Varied,SMD,Continuous biomarker,SYSTEMATIC_REVIEW_COMPONENT,ANCHOR_ESTIMATE_FOR_CELL,True,False,True,False,False,HIGH,COMPLETE_FOR_CCA,13,4,254,NR,2022,"Selected after exact microcell matching and two-reviewer adjudication using reporting completeness, lower ROBIS, usable primary-study lists/overlap data, evidence-base size and search recency; magnitude and direction were not selection criteria.","1 exclude own-cohort/hybrid estimates; 2 require exact predictor-outcome-time-measure-threshold microcell; 3 prefer complete paired/interval reporting; 4 prefer lower ROBIS and usable primary-study lists/overlap data; 5 prefer larger evidence base, then more recent search; 6 resolve ties by two-reviewer adjudication; magnitude/direction never used"
FE-0063,FT-030,BIOMARKERS,BIOMARKERS | CSF phosphorylated tau | Shunt responder vs nonresponder | Varied | SMD | Continuous biomarker,CSF phosphorylated tau,Shunt responder vs nonresponder,Varied,SMD,Continuous biomarker,SYSTEMATIC_REVIEW_COMPONENT,ANCHOR_ESTIMATE_FOR_CELL,True,False,True,False,False,HIGH,COMPLETE_FOR_CCA,13,NÃO EXTRAÍVEL,NÃO EXTRAÍVEL,NR,2022,"Selected after exact microcell matching and two-reviewer adjudication using reporting completeness, lower ROBIS, usable primary-study lists/overlap data, evidence-base size and search recency; magnitude and direction were not selection criteria.","1 exclude own-cohort/hybrid estimates; 2 require exact predictor-outcome-time-measure-threshold microcell; 3 prefer complete paired/interval reporting; 4 prefer lower ROBIS and usable primary-study lists/overlap data; 5 prefer larger evidence base, then more recent search; 6 resolve ties by two-reviewer adjudication; magnitude/direction never used"
FE-0064,FT-030,BIOMARKERS,BIOMARKERS | CSF total tau | Shunt responder vs nonresponder | Varied | SMD | Continuous biomarker,CSF total tau,Shunt responder vs nonresponder,Varied,SMD,Continuous biomarker,SYSTEMATIC_REVIEW_COMPONENT,ANCHOR_ESTIMATE_FOR_CELL,True,False,True,False,False,HIGH,COMPLETE_FOR_CCA,13,NÃO EXTRAÍVEL,NÃO EXTRAÍVEL,NR,2022,"Selected after exact microcell matching and two-reviewer adjudication using reporting completeness, lower ROBIS, usable primary-study lists/overlap data, evidence-base size and search recency; magnitude and direction were not selection criteria.","1 exclude own-cohort/hybrid estimates; 2 require exact predictor-outcome-time-measure-threshold microcell; 3 prefer complete paired/interval reporting; 4 prefer lower ROBIS and usable primary-study lists/overlap data; 5 prefer larger evidence base, then more recent search; 6 resolve ties by two-reviewer adjudication; magnitude/direction never used"
FE-0147,FT-041,COGNITIVE_CHANGE,COGNITIVE_CHANGE | Backward digit span | Post-shunt mean change | Post-shunt; varied | MD | NR,Backward digit span,Post-shunt mean change,Post-shunt; varied,MD,NR,CODEX_COMPLEMENTARY_EXTRACTION,SUPPORTING_CONCORDANCE_ONLY,False,False,True,True,False,HIGH,INCOMPLETE_OR_PLACEHOLDER,23,6,NR,NR,2016,Eligible supporting estimate; not selected after matched-cell adjudication and retained only for direction/concordance.,"1 exclude own-cohort/hybrid estimates; 2 require exact predictor-outcome-time-measure-threshold microcell; 3 prefer complete paired/interval reporting; 4 prefer lower ROBIS and usable primary-study lists/overlap data; 5 prefer larger evidence base, then more recent search; 6 resolve ties by two-reviewer adjudication; magnitude/direction never used"
FE-0118,FT-002,COGNITIVE_CHANGE,COGNITIVE_CHANGE | Digit Span backward | Post-shunt mean change | Post-shunt; varied | MD | NR,Digit Span backward,Post-shunt mean change,Post-shunt; varied,MD,NR,CODEX_COMPLEMENTARY_EXTRACTION,ANCHOR_ESTIMATE_FOR_CELL,True,False,True,True,False,HIGH,INCOMPLETE_OR_PLACEHOLDER,195,10,NR,NR,2026,"Selected after exact microcell matching and two-reviewer adjudication using reporting completeness, lower ROBIS, usable primary-study lists/overlap data, evidence-base size and search recency; magnitude and direction were not selection criteria.","1 exclude own-cohort/hybrid estimates; 2 require exact predictor-outcome-time-measure-threshold microcell; 3 prefer complete paired/interval reporting; 4 prefer lower ROBIS and usable primary-study lists/overlap data; 5 prefer larger evidence base, then more recent search; 6 resolve ties by two-reviewer adjudication; magnitude/direction never used"
FE-0119,FT-002,COGNITIVE_CHANGE,COGNITIVE_CHANGE | Frontal Assessment Battery | Post-shunt mean change | Post-shunt; varied | MD | NR,Frontal Assessment Battery,Post-shunt mean change,Post-shunt; varied,MD,NR,CODEX_COMPLEMENTARY_EXTRACTION,ANCHOR_ESTIMATE_FOR_CELL,True,False,True,True,False,HIGH,INCOMPLETE_OR_PLACEHOLDER,195,24,NR,NR,2026,"Selected after exact microcell matching and two-reviewer adjudication using reporting completeness, lower ROBIS, usable primary-study lists/overlap data, evidence-base size and search recency; magnitude and direction were not selection criteria.","1 exclude own-cohort/hybrid estimates; 2 require exact predictor-outcome-time-measure-threshold microcell; 3 prefer complete paired/interval reporting; 4 prefer lower ROBIS and usable primary-study lists/overlap data; 5 prefer larger evidence base, then more recent search; 6 resolve ties by two-reviewer adjudication; magnitude/direction never used"
FE-0121,FT-002,COGNITIVE_CHANGE,COGNITIVE_CHANGE | Grooved Pegboard dominant | Post-shunt mean change | Post-shunt; varied | MD | NR,Grooved Pegboard dominant,Post-shunt mean change,Post-shunt; varied,MD,NR,CODEX_COMPLEMENTARY_EXTRACTION,ANCHOR_ESTIMATE_FOR_CELL,True,False,True,True,False,HIGH,INCOMPLETE_OR_PLACEHOLDER,195,5,NR,NR,2026,"Selected after exact microcell matching and two-reviewer adjudication using reporting completeness, lower ROBIS, usable primary-study lists/overlap data, evidence-base size and search recency; magnitude and direction were not selection criteria.","1 exclude own-cohort/hybrid estimates; 2 require exact predictor-outcome-time-measure-threshold microcell; 3 prefer complete paired/interval reporting; 4 prefer lower ROBIS and usable primary-study lists/overlap data; 5 prefer larger evidence base, then more recent search; 6 resolve ties by two-reviewer adjudication; magnitude/direction never used"
FE-0126,FT-002,COGNITIVE_CHANGE,COGNITIVE_CHANGE | MMSE | Post-shunt mean change | Post-shunt; varied | MD | NR,MMSE,Post-shunt mean change,Post-shunt; varied,MD,NR,CODEX_COMPLEMENTARY_EXTRACTION,ANCHOR_ESTIMATE_FOR_CELL,True,False,True,True,False,HIGH,INCOMPLETE_OR_PLACEHOLDER,195,71,NR,NR,2026,"Selected after exact microcell matching and two-reviewer adjudication using reporting completeness, lower ROBIS, usable primary-study lists/overlap data, evidence-base size and search recency; magnitude and direction were not selection criteria.","1 exclude own-cohort/hybrid estimates; 2 require exact predictor-outcome-time-measure-threshold microcell; 3 prefer complete paired/interval reporting; 4 prefer lower ROBIS and usable primary-study lists/overlap data; 5 prefer larger evidence base, then more recent search; 6 resolve ties by two-reviewer adjudication; magnitude/direction never used"
FE-0144,FT-041,COGNITIVE_CHANGE,COGNITIVE_CHANGE | MMSE | Post-shunt mean change | Post-shunt; varied | MD | NR,MMSE,Post-shunt mean change,Post-shunt; varied,MD,NR,CODEX_COMPLEMENTARY_EXTRACTION,SUPPORTING_CONCORDANCE_ONLY,False,False,True,True,False,HIGH,INCOMPLETE_OR_PLACEHOLDER,23,19,NR,NR,2016,Eligible supporting estimate; not selected after matched-cell adjudication and retained only for direction/concordance.,"1 exclude own-cohort/hybrid estimates; 2 require exact predictor-outcome-time-measure-threshold microcell; 3 prefer complete paired/interval reporting; 4 prefer lower ROBIS and usable primary-study lists/overlap data; 5 prefer larger evidence base, then more recent search; 6 resolve ties by two-reviewer adjudication; magnitude/direction never used"
FE-0125,FT-002,COGNITIVE_CHANGE,COGNITIVE_CHANGE | MoCA | Post-shunt mean change | Post-shunt; varied | MD | NR,MoCA,Post-shunt mean change,Post-shunt; varied,MD,NR,CODEX_COMPLEMENTARY_EXTRACTION,ANCHOR_ESTIMATE_FOR_CELL,True,False,True,True,False,HIGH,INCOMPLETE_OR_PLACEHOLDER,195,7,NR,NR,2026,"Selected after exact microcell matching and two-reviewer adjudication using reporting completeness, lower ROBIS, usable primary-study lists/overlap data, evidence-base size and search recency; magnitude and direction were not selection criteria.","1 exclude own-cohort/hybrid estimates; 2 require exact predictor-outcome-time-measure-threshold microcell; 3 prefer complete paired/interval reporting; 4 prefer lower ROBIS and usable primary-study lists/overlap data; 5 prefer larger evidence base, then more recent search; 6 resolve ties by two-reviewer adjudication; magnitude/direction never used"
FE-0148,FT-041,COGNITIVE_CHANGE,COGNITIVE_CHANGE | Phonemic fluency | Post-shunt mean change | Post-shunt; varied | MD | NR,Phonemic fluency,Post-shunt mean change,Post-shunt; varied,MD,NR,CODEX_COMPLEMENTARY_EXTRACTION,SUPPORTING_CONCORDANCE_ONLY,False,False,True,True,False,HIGH,INCOMPLETE_OR_PLACEHOLDER,23,8,NR,NR,2016,Eligible supporting estimate; not selected after matched-cell adjudication and retained only for direction/concordance.,"1 exclude own-cohort/hybrid estimates; 2 require exact predictor-outcome-time-measure-threshold microcell; 3 prefer complete paired/interval reporting; 4 prefer lower ROBIS and usable primary-study lists/overlap data; 5 prefer larger evidence base, then more recent search; 6 resolve ties by two-reviewer adjudication; magnitude/direction never used"
FE-0124,FT-002,COGNITIVE_CHANGE,COGNITIVE_CHANGE | RAVLT delayed | Post-shunt mean change | Post-shunt; varied | MD | NR,RAVLT delayed,Post-shunt mean change,Post-shunt; varied,MD,NR,CODEX_COMPLEMENTARY_EXTRACTION,ANCHOR_ESTIMATE_FOR_CELL,True,False,True,True,False,HIGH,INCOMPLETE_OR_PLACEHOLDER,195,11,NR,NR,2026,"Selected after exact microcell matching and two-reviewer adjudication using reporting completeness, lower ROBIS, usable primary-study lists/overlap data, evidence-base size and search recency; magnitude and direction were not selection criteria.","1 exclude own-cohort/hybrid estimates; 2 require exact predictor-outcome-time-measure-threshold microcell; 3 prefer complete paired/interval reporting; 4 prefer lower ROBIS and usable primary-study lists/overlap data; 5 prefer larger evidence base, then more recent search; 6 resolve ties by two-reviewer adjudication; magnitude/direction never used"
FE-0146,FT-041,COGNITIVE_CHANGE,COGNITIVE_CHANGE | RAVLT delayed | Post-shunt mean change | Post-shunt; varied | MD | NR,RAVLT delayed,Post-shunt mean change,Post-shunt; varied,MD,NR,CODEX_COMPLEMENTARY_EXTRACTION,SUPPORTING_CONCORDANCE_ONLY,False,False,True,True,False,HIGH,INCOMPLETE_OR_PLACEHOLDER,23,7,NR,NR,2016,Eligible supporting estimate; not selected after matched-cell adjudication and retained only for direction/concordance.,"1 exclude own-cohort/hybrid estimates; 2 require exact predictor-outcome-time-measure-threshold microcell; 3 prefer complete paired/interval reporting; 4 prefer lower ROBIS and usable primary-study lists/overlap data; 5 prefer larger evidence base, then more recent search; 6 resolve ties by two-reviewer adjudication; magnitude/direction never used"
FE-0123,FT-002,COGNITIVE_CHANGE,COGNITIVE_CHANGE | RAVLT learning | Post-shunt mean change | Post-shunt; varied | MD | NR,RAVLT learning,Post-shunt mean change,Post-shunt; varied,MD,NR,CODEX_COMPLEMENTARY_EXTRACTION,ANCHOR_ESTIMATE_FOR_CELL,True,False,True,True,False,HIGH,INCOMPLETE_OR_PLACEHOLDER,195,12,NR,NR,2026,"Selected after exact microcell matching and two-reviewer adjudication using reporting completeness, lower ROBIS, usable primary-study lists/overlap data, evidence-base size and search recency; magnitude and direction were not selection criteria.","1 exclude own-cohort/hybrid estimates; 2 require exact predictor-outcome-time-measure-threshold microcell; 3 prefer complete paired/interval reporting; 4 prefer lower ROBIS and usable primary-study lists/overlap data; 5 prefer larger evidence base, then more recent search; 6 resolve ties by two-reviewer adjudication; magnitude/direction never used"
FE-0145,FT-041,COGNITIVE_CHANGE,COGNITIVE_CHANGE | RAVLT total | Post-shunt mean change | Post-shunt; varied | MD | NR,RAVLT total,Post-shunt mean change,Post-shunt; varied,MD,NR,CODEX_COMPLEMENTARY_EXTRACTION,SUPPORTING_CONCORDANCE_ONLY,False,False,True,True,False,HIGH,INCOMPLETE_OR_PLACEHOLDER,23,7,NR,NR,2016,Eligible supporting estimate; not selected after matched-cell adjudication and retained only for direction/concordance.,"1 exclude own-cohort/hybrid estimates; 2 require exact predictor-outcome-time-measure-threshold microcell; 3 prefer complete paired/interval reporting; 4 prefer lower ROBIS and usable primary-study lists/overlap data; 5 prefer larger evidence base, then more recent search; 6 resolve ties by two-reviewer adjudication; magnitude/direction never used"
FE-0001,FT-002,COGNITIVE_CHANGE,COGNITIVE_CHANGE | Shunt surgery | Any cognitive improvement | Post-shunt; varied | Pooled proportion (%) | NR,Shunt surgery,Any cognitive improvement,Post-shunt; varied,Pooled proportion (%),,SYSTEMATIC_REVIEW_COMPONENT,ANCHOR_ESTIMATE_FOR_CELL,True,False,True,False,False,HIGH,INCOMPLETE_OR_PLACEHOLDER,195,NÃO EXTRAÍVEL,NÃO EXTRAÍVEL,NR,2026,"Selected after exact microcell matching and two-reviewer adjudication using reporting completeness, lower ROBIS, usable primary-study lists/overlap data, evidence-base size and search recency; magnitude and direction were not selection criteria.","1 exclude own-cohort/hybrid estimates; 2 require exact predictor-outcome-time-measure-threshold microcell; 3 prefer complete paired/interval reporting; 4 prefer lower ROBIS and usable primary-study lists/overlap data; 5 prefer larger evidence base, then more recent search; 6 resolve ties by two-reviewer adjudication; magnitude/direction never used"
FE-0002,FT-002,COGNITIVE_CHANGE,COGNITIVE_CHANGE | Shunt surgery | Objectively defined cognitive improvement | Post-shunt; varied | Pooled proportion (%) | NR,Shunt surgery,Objectively defined cognitive improvement,Post-shunt; varied,Pooled proportion (%),,SYSTEMATIC_REVIEW_COMPONENT,ANCHOR_ESTIMATE_FOR_CELL,True,False,True,False,False,HIGH,INCOMPLETE_OR_PLACEHOLDER,195,NÃO EXTRAÍVEL,NÃO EXTRAÍVEL,NR,2026,"Selected after exact microcell matching and two-reviewer adjudication using reporting completeness, lower ROBIS, usable primary-study lists/overlap data, evidence-base size and search recency; magnitude and direction were not selection criteria.","1 exclude own-cohort/hybrid estimates; 2 require exact predictor-outcome-time-measure-threshold microcell; 3 prefer complete paired/interval reporting; 4 prefer lower ROBIS and usable primary-study lists/overlap data; 5 prefer larger evidence base, then more recent search; 6 resolve ties by two-reviewer adjudication; magnitude/direction never used"
FE-0150,FT-041,COGNITIVE_CHANGE,COGNITIVE_CHANGE | TMT-A | Post-shunt mean change | Post-shunt; varied | MD | NR,TMT-A,Post-shunt mean change,Post-shunt; varied,MD,NR,CODEX_COMPLEMENTARY_EXTRACTION,SUPPORTING_CONCORDANCE_ONLY,False,False,True,True,False,HIGH,INCOMPLETE_OR_PLACEHOLDER,23,13,NR,NR,2016,Eligible supporting estimate; not selected after matched-cell adjudication and retained only for direction/concordance.,"1 exclude own-cohort/hybrid estimates; 2 require exact predictor-outcome-time-measure-threshold microcell; 3 prefer complete paired/interval reporting; 4 prefer lower ROBIS and usable primary-study lists/overlap data; 5 prefer larger evidence base, then more recent search; 6 resolve ties by two-reviewer adjudication; magnitude/direction never used"
FE-0149,FT-041,COGNITIVE_CHANGE,COGNITIVE_CHANGE | TMT-B | Post-shunt mean change | Post-shunt; varied | MD | NR,TMT-B,Post-shunt mean change,Post-shunt; varied,MD,NR,CODEX_COMPLEMENTARY_EXTRACTION,SUPPORTING_CONCORDANCE_ONLY,False,False,True,True,False,HIGH,INCOMPLETE_OR_PLACEHOLDER,23,9,NR,NR,2016,Eligible supporting estimate; not selected after matched-cell adjudication and retained only for direction/concordance.,"1 exclude own-cohort/hybrid estimates; 2 require exact predictor-outcome-time-measure-threshold microcell; 3 prefer complete paired/interval reporting; 4 prefer lower ROBIS and usable primary-study lists/overlap data; 5 prefer larger evidence base, then more recent search; 6 resolve ties by two-reviewer adjudication; magnitude/direction never used"
FE-0122,FT-002,COGNITIVE_CHANGE,COGNITIVE_CHANGE | Trail Making Test A | Post-shunt mean change | Post-shunt; varied | MD | NR,Trail Making Test A,Post-shunt mean change,Post-shunt; varied,MD,NR,CODEX_COMPLEMENTARY_EXTRACTION,ANCHOR_ESTIMATE_FOR_CELL,True,False,True,True,False,HIGH,INCOMPLETE_OR_PLACEHOLDER,195,21,NR,NR,2026,"Selected after exact microcell matching and two-reviewer adjudication using reporting completeness, lower ROBIS, usable primary-study lists/overlap data, evidence-base size and search recency; magnitude and direction were not selection criteria.","1 exclude own-cohort/hybrid estimates; 2 require exact predictor-outcome-time-measure-threshold microcell; 3 prefer complete paired/interval reporting; 4 prefer lower ROBIS and usable primary-study lists/overlap data; 5 prefer larger evidence base, then more recent search; 6 resolve ties by two-reviewer adjudication; magnitude/direction never used"
FE-0120,FT-002,COGNITIVE_CHANGE,COGNITIVE_CHANGE | Trail Making Test B | Post-shunt mean change | Post-shunt; varied | MD | NR,Trail Making Test B,Post-shunt mean change,Post-shunt; varied,MD,NR,CODEX_COMPLEMENTARY_EXTRACTION,ANCHOR_ESTIMATE_FOR_CELL,True,False,True,True,False,HIGH,INCOMPLETE_OR_PLACEHOLDER,195,13,NR,NR,2026,"Selected after exact microcell matching and two-reviewer adjudication using reporting completeness, lower ROBIS, usable primary-study lists/overlap data, evidence-base size and search recency; magnitude and direction were not selection criteria.","1 exclude own-cohort/hybrid estimates; 2 require exact predictor-outcome-time-measure-threshold microcell; 3 prefer complete paired/interval reporting; 4 prefer lower ROBIS and usable primary-study lists/overlap data; 5 prefer larger evidence base, then more recent search; 6 resolve ties by two-reviewer adjudication; magnitude/direction never used"
FE-0069,FT-031,COMPARATIVE_PROGNOSTIC_TESTS,COMPARATIVE_PROGNOSTIC_TESTS | Extended lumbar drainage | Shunt response | Varied | AUC | Study-specific,Extended lumbar drainage,Shunt response,Varied,AUC,Study-specific,SYSTEMATIC_REVIEW_COMPONENT,ANCHOR_ESTIMATE_FOR_CELL,True,False,True,False,False,HIGH,INCOMPLETE_OR_PLACEHOLDER,35,NÃO EXTRAÍVEL,NR,NR,2021,"Selected after exact microcell matching and two-reviewer adjudication using reporting completeness, lower ROBIS, usable primary-study lists/overlap data, evidence-base size and search recency; magnitude and direction were not selection criteria.","1 exclude own-cohort/hybrid estimates; 2 require exact predictor-outcome-time-measure-threshold microcell; 3 prefer complete paired/interval reporting; 4 prefer lower ROBIS and usable primary-study lists/overlap data; 5 prefer larger evidence base, then more recent search; 6 resolve ties by two-reviewer adjudication; magnitude/direction never used"
FE-0068,FT-031,COMPARATIVE_PROGNOSTIC_TESTS,COMPARATIVE_PROGNOSTIC_TESTS | Extended lumbar drainage | Shunt response | Varied | DOR | Study-specific,Extended lumbar drainage,Shunt response,Varied,DOR,Study-specific,SYSTEMATIC_REVIEW_COMPONENT,ANCHOR_ESTIMATE_FOR_CELL,True,False,True,False,False,HIGH,INCOMPLETE_OR_PLACEHOLDER,35,NÃO EXTRAÍVEL,NR,NR,2021,"Selected after exact microcell matching and two-reviewer adjudication using reporting completeness, lower ROBIS, usable primary-study lists/overlap data, evidence-base size and search recency; magnitude and direction were not selection criteria.","1 exclude own-cohort/hybrid estimates; 2 require exact predictor-outcome-time-measure-threshold microcell; 3 prefer complete paired/interval reporting; 4 prefer lower ROBIS and usable primary-study lists/overlap data; 5 prefer larger evidence base, then more recent search; 6 resolve ties by two-reviewer adjudication; magnitude/direction never used"
FE-0071,FT-031,COMPARATIVE_PROGNOSTIC_TESTS,COMPARATIVE_PROGNOSTIC_TESTS | Infusion test | Shunt response | Varied | AUC | Study-specific,Infusion test,Shunt response,Varied,AUC,Study-specific,SYSTEMATIC_REVIEW_COMPONENT,ANCHOR_ESTIMATE_FOR_CELL,True,False,True,False,False,HIGH,INCOMPLETE_OR_PLACEHOLDER,35,NÃO EXTRAÍVEL,NR,NR,2021,"Selected after exact microcell matching and two-reviewer adjudication using reporting completeness, lower ROBIS, usable primary-study lists/overlap data, evidence-base size and search recency; magnitude and direction were not selection criteria.","1 exclude own-cohort/hybrid estimates; 2 require exact predictor-outcome-time-measure-threshold microcell; 3 prefer complete paired/interval reporting; 4 prefer lower ROBIS and usable primary-study lists/overlap data; 5 prefer larger evidence base, then more recent search; 6 resolve ties by two-reviewer adjudication; magnitude/direction never used"
FE-0070,FT-031,COMPARATIVE_PROGNOSTIC_TESTS,COMPARATIVE_PROGNOSTIC_TESTS | Infusion test | Shunt response | Varied | DOR | Study-specific,Infusion test,Shunt response,Varied,DOR,Study-specific,SYSTEMATIC_REVIEW_COMPONENT,ANCHOR_ESTIMATE_FOR_CELL,True,False,True,False,False,HIGH,INCOMPLETE_OR_PLACEHOLDER,35,NÃO EXTRAÍVEL,NR,NR,2021,"Selected after exact microcell matching and two-reviewer adjudication using reporting completeness, lower ROBIS, usable primary-study lists/overlap data, evidence-base size and search recency; magnitude and direction were not selection criteria.","1 exclude own-cohort/hybrid estimates; 2 require exact predictor-outcome-time-measure-threshold microcell; 3 prefer complete paired/interval reporting; 4 prefer lower ROBIS and usable primary-study lists/overlap data; 5 prefer larger evidence base, then more recent search; 6 resolve ties by two-reviewer adjudication; magnitude/direction never used"
FE-0067,FT-031,COMPARATIVE_PROGNOSTIC_TESTS,COMPARATIVE_PROGNOSTIC_TESTS | Intracranial pressure monitoring | Shunt response | Varied | AUC | Study-specific,Intracranial pressure monitoring,Shunt response,Varied,AUC,Study-specific,SYSTEMATIC_REVIEW_COMPONENT,ANCHOR_ESTIMATE_FOR_CELL,True,False,True,False,False,HIGH,INCOMPLETE_OR_PLACEHOLDER,35,NÃO EXTRAÍVEL,NR,NR,2021,"Selected after exact microcell matching and two-reviewer adjudication using reporting completeness, lower ROBIS, usable primary-study lists/overlap data, evidence-base size and search recency; magnitude and direction were not selection criteria.","1 exclude own-cohort/hybrid estimates; 2 require exact predictor-outcome-time-measure-threshold microcell; 3 prefer complete paired/interval reporting; 4 prefer lower ROBIS and usable primary-study lists/overlap data; 5 prefer larger evidence base, then more recent search; 6 resolve ties by two-reviewer adjudication; magnitude/direction never used"
FE-0066,FT-031,COMPARATIVE_PROGNOSTIC_TESTS,COMPARATIVE_PROGNOSTIC_TESTS | Intracranial pressure monitoring | Shunt response | Varied | DOR | Study-specific,Intracranial pressure monitoring,Shunt response,Varied,DOR,Study-specific,SYSTEMATIC_REVIEW_COMPONENT,ANCHOR_ESTIMATE_FOR_CELL,True,False,True,False,False,HIGH,INCOMPLETE_OR_PLACEHOLDER,35,NÃO EXTRAÍVEL,NR,NR,2021,"Selected after exact microcell matching and two-reviewer adjudication using reporting completeness, lower ROBIS, usable primary-study lists/overlap data, evidence-base size and search recency; magnitude and direction were not selection criteria.","1 exclude own-cohort/hybrid estimates; 2 require exact predictor-outcome-time-measure-threshold microcell; 3 prefer complete paired/interval reporting; 4 prefer lower ROBIS and usable primary-study lists/overlap data; 5 prefer larger evidence base, then more recent search; 6 resolve ties by two-reviewer adjudication; magnitude/direction never used"
FE-0073,FT-031,COMPARATIVE_PROGNOSTIC_TESTS,COMPARATIVE_PROGNOSTIC_TESTS | Tap test | Shunt response | Varied | AUC | Study-specific,Tap test,Shunt response,Varied,AUC,Study-specific,SYSTEMATIC_REVIEW_COMPONENT,ANCHOR_ESTIMATE_FOR_CELL,True,False,True,False,False,HIGH,INCOMPLETE_OR_PLACEHOLDER,35,NÃO EXTRAÍVEL,NR,NR,2021,"Selected after exact microcell matching and two-reviewer adjudication using reporting completeness, lower ROBIS, usable primary-study lists/overlap data, evidence-base size and search recency; magnitude and direction were not selection criteria.","1 exclude own-cohort/hybrid estimates; 2 require exact predictor-outcome-time-measure-threshold microcell; 3 prefer complete paired/interval reporting; 4 prefer lower ROBIS and usable primary-study lists/overlap data; 5 prefer larger evidence base, then more recent search; 6 resolve ties by two-reviewer adjudication; magnitude/direction never used"
FE-0072,FT-031,COMPARATIVE_PROGNOSTIC_TESTS,COMPARATIVE_PROGNOSTIC_TESTS | Tap test | Shunt response | Varied | DOR | Study-specific,Tap test,Shunt response,Varied,DOR,Study-specific,SYSTEMATIC_REVIEW_COMPONENT,ANCHOR_ESTIMATE_FOR_CELL,True,False,True,False,False,HIGH,INCOMPLETE_OR_PLACEHOLDER,35,NÃO EXTRAÍVEL,NR,NR,2021,"Selected after exact microcell matching and two-reviewer adjudication using reporting completeness, lower ROBIS, usable primary-study lists/overlap data, evidence-base size and search recency; magnitude and direction were not selection criteria.","1 exclude own-cohort/hybrid estimates; 2 require exact predictor-outcome-time-measure-threshold microcell; 3 prefer complete paired/interval reporting; 4 prefer lower ROBIS and usable primary-study lists/overlap data; 5 prefer larger evidence base, then more recent search; 6 resolve ties by two-reviewer adjudication; magnitude/direction never used"
FE-0005,FT-003,COMPLEX_PHENOTYPE,COMPLEX_PHENOTYPE | Complex iNPH; within-group pre-post | Post-shunt Cognition | Varied | SMCR | NR,Complex iNPH; within-group pre-post,Post-shunt Cognition,Varied,SMCR,,SYSTEMATIC_REVIEW_COMPONENT,ANCHOR_ESTIMATE_FOR_CELL,True,False,True,True,False,UNCLEAR,COMPLETE_FOR_CCA,19,9 studies / 9 effects,NR,January 2026,2026,"Selected after exact microcell matching and two-reviewer adjudication using reporting completeness, lower ROBIS, usable primary-study lists/overlap data, evidence-base size and search recency; magnitude and direction were not selection criteria.","1 exclude own-cohort/hybrid estimates; 2 require exact predictor-outcome-time-measure-threshold microcell; 3 prefer complete paired/interval reporting; 4 prefer lower ROBIS and usable primary-study lists/overlap data; 5 prefer larger evidence base, then more recent search; 6 resolve ties by two-reviewer adjudication; magnitude/direction never used"
FE-0006,FT-003,COMPLEX_PHENOTYPE,COMPLEX_PHENOTYPE | Complex iNPH; within-group pre-post | Post-shunt Gait | Varied | SMCR | NR,Complex iNPH; within-group pre-post,Post-shunt Gait,Varied,SMCR,,SYSTEMATIC_REVIEW_COMPONENT,ANCHOR_ESTIMATE_FOR_CELL,True,False,True,True,False,UNCLEAR,COMPLETE_FOR_CCA,19,9 studies / 10 effects,NR,January 2026,2026,"Selected after exact microcell matching and two-reviewer adjudication using reporting completeness, lower ROBIS, usable primary-study lists/overlap data, evidence-base size and search recency; magnitude and direction were not selection criteria.","1 exclude own-cohort/hybrid estimates; 2 require exact predictor-outcome-time-measure-threshold microcell; 3 prefer complete paired/interval reporting; 4 prefer lower ROBIS and usable primary-study lists/overlap data; 5 prefer larger evidence base, then more recent search; 6 resolve ties by two-reviewer adjudication; magnitude/direction never used"
FE-0007,FT-003,COMPLEX_PHENOTYPE,COMPLEX_PHENOTYPE | Complex iNPH; within-group pre-post | Post-shunt General function | Varied | SMCR | NR,Complex iNPH; within-group pre-post,Post-shunt General function,Varied,SMCR,,SYSTEMATIC_REVIEW_COMPONENT,ANCHOR_ESTIMATE_FOR_CELL,True,False,True,True,False,UNCLEAR,COMPLETE_FOR_CCA,19,6 studies / 8 effects,NR,January 2026,2026,"Selected after exact microcell matching and two-reviewer adjudication using reporting completeness, lower ROBIS, usable primary-study lists/overlap data, evidence-base size and search recency; magnitude and direction were not selection criteria.","1 exclude own-cohort/hybrid estimates; 2 require exact predictor-outcome-time-measure-threshold microcell; 3 prefer complete paired/interval reporting; 4 prefer lower ROBIS and usable primary-study lists/overlap data; 5 prefer larger evidence base, then more recent search; 6 resolve ties by two-reviewer adjudication; magnitude/direction never used"
FE-0008,FT-003,COMPLEX_PHENOTYPE,COMPLEX_PHENOTYPE | Complex iNPH; within-group pre-post | Post-shunt Incontinence | Varied | SMCR | NR,Complex iNPH; within-group pre-post,Post-shunt Incontinence,Varied,SMCR,,SYSTEMATIC_REVIEW_COMPONENT,ANCHOR_ESTIMATE_FOR_CELL,True,False,True,True,False,UNCLEAR,COMPLETE_FOR_CCA,19,5 studies / 5 effects,NR,January 2026,2026,"Selected after exact microcell matching and two-reviewer adjudication using reporting completeness, lower ROBIS, usable primary-study lists/overlap data, evidence-base size and search recency; magnitude and direction were not selection criteria.","1 exclude own-cohort/hybrid estimates; 2 require exact predictor-outcome-time-measure-threshold microcell; 3 prefer complete paired/interval reporting; 4 prefer lower ROBIS and usable primary-study lists/overlap data; 5 prefer larger evidence base, then more recent search; 6 resolve ties by two-reviewer adjudication; magnitude/direction never used"
FE-0009,FT-003,COMPLEX_PHENOTYPE,COMPLEX_PHENOTYPE | Complex minus pure iNPH phenotype | Difference in post-shunt Cognition change | Varied | Difference in SMCR | NR,Complex minus pure iNPH phenotype,Difference in post-shunt Cognition change,Varied,Difference in SMCR,,SYSTEMATIC_REVIEW_COMPONENT,ANCHOR_ESTIMATE_FOR_CELL,True,False,True,True,False,UNCLEAR,COMPLETE_FOR_CCA,19,NR,NR,January 2026,2026,"Selected after exact microcell matching and two-reviewer adjudication using reporting completeness, lower ROBIS, usable primary-study lists/overlap data, evidence-base size and search recency; magnitude and direction were not selection criteria.","1 exclude own-cohort/hybrid estimates; 2 require exact predictor-outcome-time-measure-threshold microcell; 3 prefer complete paired/interval reporting; 4 prefer lower ROBIS and usable primary-study lists/overlap data; 5 prefer larger evidence base, then more recent search; 6 resolve ties by two-reviewer adjudication; magnitude/direction never used"
FE-0010,FT-003,COMPLEX_PHENOTYPE,COMPLEX_PHENOTYPE | Complex minus pure iNPH phenotype | Difference in post-shunt Gait change | Varied | Difference in SMCR | NR,Complex minus pure iNPH phenotype,Difference in post-shunt Gait change,Varied,Difference in SMCR,,SYSTEMATIC_REVIEW_COMPONENT,ANCHOR_ESTIMATE_FOR_CELL,True,False,True,True,False,UNCLEAR,COMPLETE_FOR_CCA,19,NR,NR,January 2026,2026,"Selected after exact microcell matching and two-reviewer adjudication using reporting completeness, lower ROBIS, usable primary-study lists/overlap data, evidence-base size and search recency; magnitude and direction were not selection criteria.","1 exclude own-cohort/hybrid estimates; 2 require exact predictor-outcome-time-measure-threshold microcell; 3 prefer complete paired/interval reporting; 4 prefer lower ROBIS and usable primary-study lists/overlap data; 5 prefer larger evidence base, then more recent search; 6 resolve ties by two-reviewer adjudication; magnitude/direction never used"
FE-0011,FT-003,COMPLEX_PHENOTYPE,COMPLEX_PHENOTYPE | Complex minus pure iNPH phenotype | Difference in post-shunt General function change | Varied | Difference in SMCR | NR,Complex minus pure iNPH phenotype,Difference in post-shunt General function change,Varied,Difference in SMCR,,SYSTEMATIC_REVIEW_COMPONENT,ANCHOR_ESTIMATE_FOR_CELL,True,False,True,True,False,UNCLEAR,COMPLETE_FOR_CCA,19,NR,NR,January 2026,2026,"Selected after exact microcell matching and two-reviewer adjudication using reporting completeness, lower ROBIS, usable primary-study lists/overlap data, evidence-base size and search recency; magnitude and direction were not selection criteria.","1 exclude own-cohort/hybrid estimates; 2 require exact predictor-outcome-time-measure-threshold microcell; 3 prefer complete paired/interval reporting; 4 prefer lower ROBIS and usable primary-study lists/overlap data; 5 prefer larger evidence base, then more recent search; 6 resolve ties by two-reviewer adjudication; magnitude/direction never used"
FE-0012,FT-003,COMPLEX_PHENOTYPE,COMPLEX_PHENOTYPE | Complex minus pure iNPH phenotype | Difference in post-shunt Incontinence change | Varied | Difference in SMCR | NR,Complex minus pure iNPH phenotype,Difference in post-shunt Incontinence change,Varied,Difference in SMCR,,SYSTEMATIC_REVIEW_COMPONENT,ANCHOR_ESTIMATE_FOR_CELL,True,False,True,True,False,UNCLEAR,COMPLETE_FOR_CCA,19,NR,NR,January 2026,2026,"Selected after exact microcell matching and two-reviewer adjudication using reporting completeness, lower ROBIS, usable primary-study lists/overlap data, evidence-base size and search recency; magnitude and direction were not selection criteria.","1 exclude own-cohort/hybrid estimates; 2 require exact predictor-outcome-time-measure-threshold microcell; 3 prefer complete paired/interval reporting; 4 prefer lower ROBIS and usable primary-study lists/overlap data; 5 prefer larger evidence base, then more recent search; 6 resolve ties by two-reviewer adjudication; magnitude/direction never used"
FE-0003,FT-003,COMPLEX_PHENOTYPE,COMPLEX_PHENOTYPE | Complex vs pure iNPH phenotype | Global shunt response | Varied follow-up | OR | NR,Complex vs pure iNPH phenotype,Global shunt response,Varied follow-up,OR,,SYSTEMATIC_REVIEW_COMPONENT,ANCHOR_ESTIMATE_FOR_CELL,True,False,True,True,False,UNCLEAR,COMPLETE_FOR_CCA,19,3,NR,January 2026,2026,"Selected after exact microcell matching and two-reviewer adjudication using reporting completeness, lower ROBIS, usable primary-study lists/overlap data, evidence-base size and search recency; magnitude and direction were not selection criteria.","1 exclude own-cohort/hybrid estimates; 2 require exact predictor-outcome-time-measure-threshold microcell; 3 prefer complete paired/interval reporting; 4 prefer lower ROBIS and usable primary-study lists/overlap data; 5 prefer larger evidence base, then more recent search; 6 resolve ties by two-reviewer adjudication; magnitude/direction never used"
FE-0004,FT-003,COMPLEX_PHENOTYPE,COMPLEX_PHENOTYPE | Complex vs pure iNPH phenotype | Urinary improvement | Mean ~4 months / varied | OR | NR,Complex vs pure iNPH phenotype,Urinary improvement,Mean ~4 months / varied,OR,,SYSTEMATIC_REVIEW_COMPONENT,ANCHOR_ESTIMATE_FOR_CELL,True,False,True,True,False,UNCLEAR,COMPLETE_FOR_CCA,19,3,NR,January 2026,2026,"Selected after exact microcell matching and two-reviewer adjudication using reporting completeness, lower ROBIS, usable primary-study lists/overlap data, evidence-base size and search recency; magnitude and direction were not selection criteria.","1 exclude own-cohort/hybrid estimates; 2 require exact predictor-outcome-time-measure-threshold microcell; 3 prefer complete paired/interval reporting; 4 prefer lower ROBIS and usable primary-study lists/overlap data; 5 prefer larger evidence base, then more recent search; 6 resolve ties by two-reviewer adjudication; magnitude/direction never used"
FE-0013,FT-003,COMPLEX_PHENOTYPE,COMPLEX_PHENOTYPE | Phenotype × follow-up time | Incontinence trajectory | Months | Meta-regression beta (SMCR/month) | NR,Phenotype × follow-up time,Incontinence trajectory,Months,Meta-regression beta (SMCR/month),,SYSTEMATIC_REVIEW_COMPONENT,ANCHOR_ESTIMATE_FOR_CELL,True,False,True,False,False,UNCLEAR,COMPLETE_FOR_CCA,19,NR,NR,January 2026,2026,"Selected after exact microcell matching and two-reviewer adjudication using reporting completeness, lower ROBIS, usable primary-study lists/overlap data, evidence-base size and search recency; magnitude and direction were not selection criteria.","1 exclude own-cohort/hybrid estimates; 2 require exact predictor-outcome-time-measure-threshold microcell; 3 prefer complete paired/interval reporting; 4 prefer lower ROBIS and usable primary-study lists/overlap data; 5 prefer larger evidence base, then more recent search; 6 resolve ties by two-reviewer adjudication; magnitude/direction never used"
FE-0077,FT-036,ELD_DTA,ELD_DTA | Extended lumbar drainage | Post-shunt response | Varied | NPV | Study-specific ELD response,Extended lumbar drainage,Post-shunt response,Varied,NPV,Study-specific ELD response,SYSTEMATIC_REVIEW_COMPONENT,ANCHOR_ESTIMATE_FOR_CELL,True,False,True,True,True,LOW,INCOMPLETE_OR_PLACEHOLDER,4,4,84,NR,2020,"Selected after exact microcell matching and two-reviewer adjudication using reporting completeness, lower ROBIS, usable primary-study lists/overlap data, evidence-base size and search recency; magnitude and direction were not selection criteria.","1 exclude own-cohort/hybrid estimates; 2 require exact predictor-outcome-time-measure-threshold microcell; 3 prefer complete paired/interval reporting; 4 prefer lower ROBIS and usable primary-study lists/overlap data; 5 prefer larger evidence base, then more recent search; 6 resolve ties by two-reviewer adjudication; magnitude/direction never used"
FE-0076,FT-036,ELD_DTA,ELD_DTA | Extended lumbar drainage | Post-shunt response | Varied | PPV | Study-specific ELD response,Extended lumbar drainage,Post-shunt response,Varied,PPV,Study-specific ELD response,SYSTEMATIC_REVIEW_COMPONENT,ANCHOR_ESTIMATE_FOR_CELL,True,False,True,True,True,LOW,INCOMPLETE_OR_PLACEHOLDER,4,4,84,NR,2020,"Selected after exact microcell matching and two-reviewer adjudication using reporting completeness, lower ROBIS, usable primary-study lists/overlap data, evidence-base size and search recency; magnitude and direction were not selection criteria.","1 exclude own-cohort/hybrid estimates; 2 require exact predictor-outcome-time-measure-threshold microcell; 3 prefer complete paired/interval reporting; 4 prefer lower ROBIS and usable primary-study lists/overlap data; 5 prefer larger evidence base, then more recent search; 6 resolve ties by two-reviewer adjudication; magnitude/direction never used"
FE-0074,FT-036,ELD_DTA,ELD_DTA | Extended lumbar drainage | Post-shunt response | Varied | Sensitivity | Study-specific ELD response,Extended lumbar drainage,Post-shunt response,Varied,Sensitivity,Study-specific ELD response,SYSTEMATIC_REVIEW_COMPONENT,ANCHOR_ESTIMATE_FOR_CELL,True,False,True,True,True,LOW,INCOMPLETE_OR_PLACEHOLDER,4,4,84,NR,2020,"Selected after exact microcell matching and two-reviewer adjudication using reporting completeness, lower ROBIS, usable primary-study lists/overlap data, evidence-base size and search recency; magnitude and direction were not selection criteria.","1 exclude own-cohort/hybrid estimates; 2 require exact predictor-outcome-time-measure-threshold microcell; 3 prefer complete paired/interval reporting; 4 prefer lower ROBIS and usable primary-study lists/overlap data; 5 prefer larger evidence base, then more recent search; 6 resolve ties by two-reviewer adjudication; magnitude/direction never used"
FE-0075,FT-036,ELD_DTA,ELD_DTA | Extended lumbar drainage | Post-shunt response | Varied | Specificity | Study-specific ELD response,Extended lumbar drainage,Post-shunt response,Varied,Specificity,Study-specific ELD response,SYSTEMATIC_REVIEW_COMPONENT,ANCHOR_ESTIMATE_FOR_CELL,True,False,True,True,True,LOW,INCOMPLETE_OR_PLACEHOLDER,4,4,84,NR,2020,"Selected after exact microcell matching and two-reviewer adjudication using reporting completeness, lower ROBIS, usable primary-study lists/overlap data, evidence-base size and search recency; magnitude and direction were not selection criteria.","1 exclude own-cohort/hybrid estimates; 2 require exact predictor-outcome-time-measure-threshold microcell; 3 prefer complete paired/interval reporting; 4 prefer lower ROBIS and usable primary-study lists/overlap data; 5 prefer larger evidence base, then more recent search; 6 resolve ties by two-reviewer adjudication; magnitude/direction never used"
FE-0134,FT-024,GAIT_CHANGE,GAIT_CHANGE | Tap responders | Gait velocity after tap | After CSF tap test | Hedges g | NR,Tap responders,Gait velocity after tap,After CSF tap test,Hedges g,NR,CODEX_COMPLEMENTARY_EXTRACTION,ANCHOR_ESTIMATE_FOR_CELL,True,False,True,False,False,LOW,INCOMPLETE_OR_PLACEHOLDER,17,,NR,NR,2023,"Selected after exact microcell matching and two-reviewer adjudication using reporting completeness, lower ROBIS, usable primary-study lists/overlap data, evidence-base size and search recency; magnitude and direction were not selection criteria.","1 exclude own-cohort/hybrid estimates; 2 require exact predictor-outcome-time-measure-threshold microcell; 3 prefer complete paired/interval reporting; 4 prefer lower ROBIS and usable primary-study lists/overlap data; 5 prefer larger evidence base, then more recent search; 6 resolve ties by two-reviewer adjudication; magnitude/direction never used"
FE-0035,FT-022,HYBRID_REVIEW_OWN_COHORT,HYBRID_REVIEW_OWN_COHORT | Age | Global shunt response | 1 month | OR | per year,Age,Global shunt response,1 month,OR,per year,OWN_COHORT,EXCLUDE_FROM_UMBRELLA_POOL,False,True,True,True,False,HIGH,OWN_COHORT_ONLY,21,NR,192,4 February 2022,2024,Excluded before ranking: authors' own cohort or hybrid primary-study estimate.,"1 exclude own-cohort/hybrid estimates; 2 require exact predictor-outcome-time-measure-threshold microcell; 3 prefer complete paired/interval reporting; 4 prefer lower ROBIS and usable primary-study lists/overlap data; 5 prefer larger evidence base, then more recent search; 6 resolve ties by two-reviewer adjudication; magnitude/direction never used"
FE-0036,FT-022,HYBRID_REVIEW_OWN_COHORT,HYBRID_REVIEW_OWN_COHORT | Age | Global shunt response | 1 year | OR | per year,Age,Global shunt response,1 year,OR,per year,OWN_COHORT,EXCLUDE_FROM_UMBRELLA_POOL,False,True,True,True,False,HIGH,OWN_COHORT_ONLY,21,NR,192,4 February 2022,2024,Excluded before ranking: authors' own cohort or hybrid primary-study estimate.,"1 exclude own-cohort/hybrid estimates; 2 require exact predictor-outcome-time-measure-threshold microcell; 3 prefer complete paired/interval reporting; 4 prefer lower ROBIS and usable primary-study lists/overlap data; 5 prefer larger evidence base, then more recent search; 6 resolve ties by two-reviewer adjudication; magnitude/direction never used"
FE-0056,FT-022,HYBRID_REVIEW_OWN_COHORT,HYBRID_REVIEW_OWN_COHORT | Aqueductal CSF flow / flow void imaging | Shunt response | Varied | Pooled sensitivity | Study-specific,Aqueductal CSF flow / flow void imaging,Shunt response,Varied,Pooled sensitivity,Study-specific,SYSTEMATIC_REVIEW_COMPONENT,SUPPORTING_CONCORDANCE_ONLY,False,False,True,True,False,HIGH,OWN_COHORT_ONLY,21,NÃO EXTRAÍVEL,NR,4 February 2022,2024,Eligible supporting estimate; not selected after matched-cell adjudication and retained only for direction/concordance.,"1 exclude own-cohort/hybrid estimates; 2 require exact predictor-outcome-time-measure-threshold microcell; 3 prefer complete paired/interval reporting; 4 prefer lower ROBIS and usable primary-study lists/overlap data; 5 prefer larger evidence base, then more recent search; 6 resolve ties by two-reviewer adjudication; magnitude/direction never used"
FE-0057,FT-022,HYBRID_REVIEW_OWN_COHORT,HYBRID_REVIEW_OWN_COHORT | Aqueductal CSF flow / flow void imaging | Shunt response | Varied | Pooled specificity | Study-specific,Aqueductal CSF flow / flow void imaging,Shunt response,Varied,Pooled specificity,Study-specific,SYSTEMATIC_REVIEW_COMPONENT,SUPPORTING_CONCORDANCE_ONLY,False,False,True,True,False,HIGH,OWN_COHORT_ONLY,21,NÃO EXTRAÍVEL,NR,4 February 2022,2024,Eligible supporting estimate; not selected after matched-cell adjudication and retained only for direction/concordance.,"1 exclude own-cohort/hybrid estimates; 2 require exact predictor-outcome-time-measure-threshold microcell; 3 prefer complete paired/interval reporting; 4 prefer lower ROBIS and usable primary-study lists/overlap data; 5 prefer larger evidence base, then more recent search; 6 resolve ties by two-reviewer adjudication; magnitude/direction never used"
FE-0051,FT-022,HYBRID_REVIEW_OWN_COHORT,HYBRID_REVIEW_OWN_COHORT | Callosal angle | Global shunt response | 1 month | OR | <63° vs ≥63°,Callosal angle,Global shunt response,1 month,OR,<63° vs ≥63°,OWN_COHORT,EXCLUDE_FROM_UMBRELLA_POOL,False,True,True,True,False,HIGH,OWN_COHORT_ONLY,21,NR,192,4 February 2022,2024,Excluded before ranking: authors' own cohort or hybrid primary-study estimate.,"1 exclude own-cohort/hybrid estimates; 2 require exact predictor-outcome-time-measure-threshold microcell; 3 prefer complete paired/interval reporting; 4 prefer lower ROBIS and usable primary-study lists/overlap data; 5 prefer larger evidence base, then more recent search; 6 resolve ties by two-reviewer adjudication; magnitude/direction never used"
FE-0049,FT-022,HYBRID_REVIEW_OWN_COHORT,HYBRID_REVIEW_OWN_COHORT | Callosal angle | Global shunt response | 1 month | OR | <90° vs ≥90°,Callosal angle,Global shunt response,1 month,OR,<90° vs ≥90°,OWN_COHORT,EXCLUDE_FROM_UMBRELLA_POOL,False,True,True,True,False,HIGH,OWN_COHORT_ONLY,21,NR,192,4 February 2022,2024,Excluded before ranking: authors' own cohort or hybrid primary-study estimate.,"1 exclude own-cohort/hybrid estimates; 2 require exact predictor-outcome-time-measure-threshold microcell; 3 prefer complete paired/interval reporting; 4 prefer lower ROBIS and usable primary-study lists/overlap data; 5 prefer larger evidence base, then more recent search; 6 resolve ties by two-reviewer adjudication; magnitude/direction never used"
FE-0052,FT-022,HYBRID_REVIEW_OWN_COHORT,HYBRID_REVIEW_OWN_COHORT | Callosal angle | Global shunt response | 1 year | OR | <63° vs ≥63°,Callosal angle,Global shunt response,1 year,OR,<63° vs ≥63°,OWN_COHORT,EXCLUDE_FROM_UMBRELLA_POOL,False,True,True,True,False,HIGH,OWN_COHORT_ONLY,21,NR,192,4 February 2022,2024,Excluded before ranking: authors' own cohort or hybrid primary-study estimate.,"1 exclude own-cohort/hybrid estimates; 2 require exact predictor-outcome-time-measure-threshold microcell; 3 prefer complete paired/interval reporting; 4 prefer lower ROBIS and usable primary-study lists/overlap data; 5 prefer larger evidence base, then more recent search; 6 resolve ties by two-reviewer adjudication; magnitude/direction never used"
FE-0050,FT-022,HYBRID_REVIEW_OWN_COHORT,HYBRID_REVIEW_OWN_COHORT | Callosal angle | Global shunt response | 1 year | OR | <90° vs ≥90°,Callosal angle,Global shunt response,1 year,OR,<90° vs ≥90°,OWN_COHORT,EXCLUDE_FROM_UMBRELLA_POOL,False,True,True,True,False,HIGH,OWN_COHORT_ONLY,21,NR,192,4 February 2022,2024,Excluded before ranking: authors' own cohort or hybrid primary-study estimate.,"1 exclude own-cohort/hybrid estimates; 2 require exact predictor-outcome-time-measure-threshold microcell; 3 prefer complete paired/interval reporting; 4 prefer lower ROBIS and usable primary-study lists/overlap data; 5 prefer larger evidence base, then more recent search; 6 resolve ties by two-reviewer adjudication; magnitude/direction never used"
FE-0041,FT-022,HYBRID_REVIEW_OWN_COHORT,HYBRID_REVIEW_OWN_COHORT | DESH | Global shunt response | 1 month | OR | present vs absent,DESH,Global shunt response,1 month,OR,present vs absent,OWN_COHORT,EXCLUDE_FROM_UMBRELLA_POOL,False,True,True,True,False,HIGH,OWN_COHORT_ONLY,21,NR,192,4 February 2022,2024,Excluded before ranking: authors' own cohort or hybrid primary-study estimate.,"1 exclude own-cohort/hybrid estimates; 2 require exact predictor-outcome-time-measure-threshold microcell; 3 prefer complete paired/interval reporting; 4 prefer lower ROBIS and usable primary-study lists/overlap data; 5 prefer larger evidence base, then more recent search; 6 resolve ties by two-reviewer adjudication; magnitude/direction never used"
FE-0042,FT-022,HYBRID_REVIEW_OWN_COHORT,HYBRID_REVIEW_OWN_COHORT | DESH | Global shunt response | 1 year | OR | present vs absent,DESH,Global shunt response,1 year,OR,present vs absent,OWN_COHORT,EXCLUDE_FROM_UMBRELLA_POOL,False,True,True,True,False,HIGH,OWN_COHORT_ONLY,21,NR,192,4 February 2022,2024,Excluded before ranking: authors' own cohort or hybrid primary-study estimate.,"1 exclude own-cohort/hybrid estimates; 2 require exact predictor-outcome-time-measure-threshold microcell; 3 prefer complete paired/interval reporting; 4 prefer lower ROBIS and usable primary-study lists/overlap data; 5 prefer larger evidence base, then more recent search; 6 resolve ties by two-reviewer adjudication; magnitude/direction never used"
FE-0039,FT-022,HYBRID_REVIEW_OWN_COHORT,HYBRID_REVIEW_OWN_COHORT | Drainage test response | Global shunt response | 1 month | OR | positive vs negative,Drainage test response,Global shunt response,1 month,OR,positive vs negative,OWN_COHORT,EXCLUDE_FROM_UMBRELLA_POOL,False,True,True,True,False,HIGH,OWN_COHORT_ONLY,21,NR,192,4 February 2022,2024,Excluded before ranking: authors' own cohort or hybrid primary-study estimate.,"1 exclude own-cohort/hybrid estimates; 2 require exact predictor-outcome-time-measure-threshold microcell; 3 prefer complete paired/interval reporting; 4 prefer lower ROBIS and usable primary-study lists/overlap data; 5 prefer larger evidence base, then more recent search; 6 resolve ties by two-reviewer adjudication; magnitude/direction never used"
FE-0040,FT-022,HYBRID_REVIEW_OWN_COHORT,HYBRID_REVIEW_OWN_COHORT | Drainage test response | Global shunt response | 1 year | OR | positive vs negative,Drainage test response,Global shunt response,1 year,OR,positive vs negative,OWN_COHORT,EXCLUDE_FROM_UMBRELLA_POOL,False,True,True,True,False,HIGH,OWN_COHORT_ONLY,21,NR,192,4 February 2022,2024,Excluded before ranking: authors' own cohort or hybrid primary-study estimate.,"1 exclude own-cohort/hybrid estimates; 2 require exact predictor-outcome-time-measure-threshold microcell; 3 prefer complete paired/interval reporting; 4 prefer lower ROBIS and usable primary-study lists/overlap data; 5 prefer larger evidence base, then more recent search; 6 resolve ties by two-reviewer adjudication; magnitude/direction never used"
FE-0047,FT-022,HYBRID_REVIEW_OWN_COHORT,HYBRID_REVIEW_OWN_COHORT | Evans index | Global shunt response | 1 month | OR | >0.4 vs ≤0.4,Evans index,Global shunt response,1 month,OR,>0.4 vs ≤0.4,OWN_COHORT,EXCLUDE_FROM_UMBRELLA_POOL,False,True,True,True,False,HIGH,OWN_COHORT_ONLY,21,NR,192,4 February 2022,2024,Excluded before ranking: authors' own cohort or hybrid primary-study estimate.,"1 exclude own-cohort/hybrid estimates; 2 require exact predictor-outcome-time-measure-threshold microcell; 3 prefer complete paired/interval reporting; 4 prefer lower ROBIS and usable primary-study lists/overlap data; 5 prefer larger evidence base, then more recent search; 6 resolve ties by two-reviewer adjudication; magnitude/direction never used"
FE-0048,FT-022,HYBRID_REVIEW_OWN_COHORT,HYBRID_REVIEW_OWN_COHORT | Evans index | Global shunt response | 1 year | OR | >0.4 vs ≤0.4,Evans index,Global shunt response,1 year,OR,>0.4 vs ≤0.4,OWN_COHORT,EXCLUDE_FROM_UMBRELLA_POOL,False,True,True,True,False,HIGH,OWN_COHORT_ONLY,21,NR,192,4 February 2022,2024,Excluded before ranking: authors' own cohort or hybrid primary-study estimate.,"1 exclude own-cohort/hybrid estimates; 2 require exact predictor-outcome-time-measure-threshold microcell; 3 prefer complete paired/interval reporting; 4 prefer lower ROBIS and usable primary-study lists/overlap data; 5 prefer larger evidence base, then more recent search; 6 resolve ties by two-reviewer adjudication; magnitude/direction never used"
FE-0045,FT-022,HYBRID_REVIEW_OWN_COHORT,HYBRID_REVIEW_OWN_COHORT | High-convexity tightness | Global shunt response | 1 month | OR | present vs absent,High-convexity tightness,Global shunt response,1 month,OR,present vs absent,OWN_COHORT,EXCLUDE_FROM_UMBRELLA_POOL,False,True,True,True,False,HIGH,OWN_COHORT_ONLY,21,NR,192,4 February 2022,2024,Excluded before ranking: authors' own cohort or hybrid primary-study estimate.,"1 exclude own-cohort/hybrid estimates; 2 require exact predictor-outcome-time-measure-threshold microcell; 3 prefer complete paired/interval reporting; 4 prefer lower ROBIS and usable primary-study lists/overlap data; 5 prefer larger evidence base, then more recent search; 6 resolve ties by two-reviewer adjudication; magnitude/direction never used"
FE-0046,FT-022,HYBRID_REVIEW_OWN_COHORT,HYBRID_REVIEW_OWN_COHORT | High-convexity tightness | Global shunt response | 1 year | OR | present vs absent,High-convexity tightness,Global shunt response,1 year,OR,present vs absent,OWN_COHORT,EXCLUDE_FROM_UMBRELLA_POOL,False,True,True,True,False,HIGH,OWN_COHORT_ONLY,21,NR,192,4 February 2022,2024,Excluded before ranking: authors' own cohort or hybrid primary-study estimate.,"1 exclude own-cohort/hybrid estimates; 2 require exact predictor-outcome-time-measure-threshold microcell; 3 prefer complete paired/interval reporting; 4 prefer lower ROBIS and usable primary-study lists/overlap data; 5 prefer larger evidence base, then more recent search; 6 resolve ties by two-reviewer adjudication; magnitude/direction never used"
FE-0037,FT-022,HYBRID_REVIEW_OWN_COHORT,HYBRID_REVIEW_OWN_COHORT | Male sex | Global shunt response | 1 month | OR | male vs female,Male sex,Global shunt response,1 month,OR,male vs female,OWN_COHORT,EXCLUDE_FROM_UMBRELLA_POOL,False,True,True,True,False,HIGH,OWN_COHORT_ONLY,21,NR,192,4 February 2022,2024,Excluded before ranking: authors' own cohort or hybrid primary-study estimate.,"1 exclude own-cohort/hybrid estimates; 2 require exact predictor-outcome-time-measure-threshold microcell; 3 prefer complete paired/interval reporting; 4 prefer lower ROBIS and usable primary-study lists/overlap data; 5 prefer larger evidence base, then more recent search; 6 resolve ties by two-reviewer adjudication; magnitude/direction never used"
FE-0038,FT-022,HYBRID_REVIEW_OWN_COHORT,HYBRID_REVIEW_OWN_COHORT | Male sex | Global shunt response | 1 year | OR | male vs female,Male sex,Global shunt response,1 year,OR,male vs female,OWN_COHORT,EXCLUDE_FROM_UMBRELLA_POOL,False,True,True,True,False,HIGH,OWN_COHORT_ONLY,21,NR,192,4 February 2022,2024,Excluded before ranking: authors' own cohort or hybrid primary-study estimate.,"1 exclude own-cohort/hybrid estimates; 2 require exact predictor-outcome-time-measure-threshold microcell; 3 prefer complete paired/interval reporting; 4 prefer lower ROBIS and usable primary-study lists/overlap data; 5 prefer larger evidence base, then more recent search; 6 resolve ties by two-reviewer adjudication; magnitude/direction never used"
FE-0055,FT-022,HYBRID_REVIEW_OWN_COHORT,HYBRID_REVIEW_OWN_COHORT | Shunt surgery | Any complication | Follow-up through 1 year | Proportion (%) | NR,Shunt surgery,Any complication,Follow-up through 1 year,Proportion (%),,OWN_COHORT,EXCLUDE_FROM_UMBRELLA_POOL,False,True,True,False,False,HIGH,OWN_COHORT_ONLY,21,NR,192,4 February 2022,2024,Excluded before ranking: authors' own cohort or hybrid primary-study estimate.,"1 exclude own-cohort/hybrid estimates; 2 require exact predictor-outcome-time-measure-threshold microcell; 3 prefer complete paired/interval reporting; 4 prefer lower ROBIS and usable primary-study lists/overlap data; 5 prefer larger evidence base, then more recent search; 6 resolve ties by two-reviewer adjudication; magnitude/direction never used"
FE-0053,FT-022,HYBRID_REVIEW_OWN_COHORT,HYBRID_REVIEW_OWN_COHORT | Shunt surgery | Global shunt response | 1 month | Proportion (%) | NR,Shunt surgery,Global shunt response,1 month,Proportion (%),,OWN_COHORT,EXCLUDE_FROM_UMBRELLA_POOL,False,True,True,False,False,HIGH,OWN_COHORT_ONLY,21,NR,192,4 February 2022,2024,Excluded before ranking: authors' own cohort or hybrid primary-study estimate.,"1 exclude own-cohort/hybrid estimates; 2 require exact predictor-outcome-time-measure-threshold microcell; 3 prefer complete paired/interval reporting; 4 prefer lower ROBIS and usable primary-study lists/overlap data; 5 prefer larger evidence base, then more recent search; 6 resolve ties by two-reviewer adjudication; magnitude/direction never used"
FE-0054,FT-022,HYBRID_REVIEW_OWN_COHORT,HYBRID_REVIEW_OWN_COHORT | Shunt surgery | Global shunt response | 1 year | Proportion (%) | NR,Shunt surgery,Global shunt response,1 year,Proportion (%),,OWN_COHORT,EXCLUDE_FROM_UMBRELLA_POOL,False,True,True,False,False,HIGH,OWN_COHORT_ONLY,21,NR,192,4 February 2022,2024,Excluded before ranking: authors' own cohort or hybrid primary-study estimate.,"1 exclude own-cohort/hybrid estimates; 2 require exact predictor-outcome-time-measure-threshold microcell; 3 prefer complete paired/interval reporting; 4 prefer lower ROBIS and usable primary-study lists/overlap data; 5 prefer larger evidence base, then more recent search; 6 resolve ties by two-reviewer adjudication; magnitude/direction never used"
FE-0043,FT-022,HYBRID_REVIEW_OWN_COHORT,HYBRID_REVIEW_OWN_COHORT | Sylvian fissure enlargement | Global shunt response | 1 month | OR | present vs absent,Sylvian fissure enlargement,Global shunt response,1 month,OR,present vs absent,OWN_COHORT,EXCLUDE_FROM_UMBRELLA_POOL,False,True,True,True,False,HIGH,OWN_COHORT_ONLY,21,NR,192,4 February 2022,2024,Excluded before ranking: authors' own cohort or hybrid primary-study estimate.,"1 exclude own-cohort/hybrid estimates; 2 require exact predictor-outcome-time-measure-threshold microcell; 3 prefer complete paired/interval reporting; 4 prefer lower ROBIS and usable primary-study lists/overlap data; 5 prefer larger evidence base, then more recent search; 6 resolve ties by two-reviewer adjudication; magnitude/direction never used"
FE-0044,FT-022,HYBRID_REVIEW_OWN_COHORT,HYBRID_REVIEW_OWN_COHORT | Sylvian fissure enlargement | Global shunt response | 1 year | OR | present vs absent,Sylvian fissure enlargement,Global shunt response,1 year,OR,present vs absent,OWN_COHORT,EXCLUDE_FROM_UMBRELLA_POOL,False,True,True,True,False,HIGH,OWN_COHORT_ONLY,21,NR,192,4 February 2022,2024,Excluded before ranking: authors' own cohort or hybrid primary-study estimate.,"1 exclude own-cohort/hybrid estimates; 2 require exact predictor-outcome-time-measure-threshold microcell; 3 prefer complete paired/interval reporting; 4 prefer lower ROBIS and usable primary-study lists/overlap data; 5 prefer larger evidence base, then more recent search; 6 resolve ties by two-reviewer adjudication; magnitude/direction never used"
FE-0033,FT-012,LIT_DTA,LIT_DTA | Lumbar infusion test | Post-shunt clinical response | Varied | Sensitivity | Study-specific,Lumbar infusion test,Post-shunt clinical response,Varied,Sensitivity,Study-specific,SYSTEMATIC_REVIEW_COMPONENT,ANCHOR_ESTIMATE_FOR_CELL,True,False,True,True,True,HIGH,COMPLETE_PREPRINT_LIST_ACCEPTED_ABSTRACT_UPDATE,14,5,368,22 October 2025,2026,"Selected after exact microcell matching and two-reviewer adjudication using reporting completeness, lower ROBIS, usable primary-study lists/overlap data, evidence-base size and search recency; magnitude and direction were not selection criteria.","1 exclude own-cohort/hybrid estimates; 2 require exact predictor-outcome-time-measure-threshold microcell; 3 prefer complete paired/interval reporting; 4 prefer lower ROBIS and usable primary-study lists/overlap data; 5 prefer larger evidence base, then more recent search; 6 resolve ties by two-reviewer adjudication; magnitude/direction never used"
FE-0034,FT-012,LIT_DTA,LIT_DTA | Lumbar infusion test | Post-shunt clinical response | Varied | Specificity | Study-specific,Lumbar infusion test,Post-shunt clinical response,Varied,Specificity,Study-specific,SYSTEMATIC_REVIEW_COMPONENT,ANCHOR_ESTIMATE_FOR_CELL,True,False,True,True,True,HIGH,COMPLETE_PREPRINT_LIST_ACCEPTED_ABSTRACT_UPDATE,14,5,368,22 October 2025,2026,"Selected after exact microcell matching and two-reviewer adjudication using reporting completeness, lower ROBIS, usable primary-study lists/overlap data, evidence-base size and search recency; magnitude and direction were not selection criteria.","1 exclude own-cohort/hybrid estimates; 2 require exact predictor-outcome-time-measure-threshold microcell; 3 prefer complete paired/interval reporting; 4 prefer lower ROBIS and usable primary-study lists/overlap data; 5 prefer larger evidence base, then more recent search; 6 resolve ties by two-reviewer adjudication; magnitude/direction never used"
FE-0016,FT-007,NEUROPSYCHIATRIC_OUTCOMES,NEUROPSYCHIATRIC_OUTCOMES | iNPH population | Agitation prevalence | Cross-sectional baseline | Pooled prevalence (%) | NR,iNPH population,Agitation prevalence,Cross-sectional baseline,Pooled prevalence (%),,SYSTEMATIC_REVIEW_COMPONENT,SUPPORTING_CONCORDANCE_ONLY,False,False,True,True,False,LOW,INCOMPLETE_OR_PLACEHOLDER,22,NR,NR,23 October 2024,2026,Eligible supporting estimate; not selected after matched-cell adjudication and retained only for direction/concordance.,"1 exclude own-cohort/hybrid estimates; 2 require exact predictor-outcome-time-measure-threshold microcell; 3 prefer complete paired/interval reporting; 4 prefer lower ROBIS and usable primary-study lists/overlap data; 5 prefer larger evidence base, then more recent search; 6 resolve ties by two-reviewer adjudication; magnitude/direction never used"
FE-0017,FT-007,NEUROPSYCHIATRIC_OUTCOMES,NEUROPSYCHIATRIC_OUTCOMES | iNPH population | Anxiety prevalence | Cross-sectional baseline | Pooled prevalence (%) | NR,iNPH population,Anxiety prevalence,Cross-sectional baseline,Pooled prevalence (%),,SYSTEMATIC_REVIEW_COMPONENT,SUPPORTING_CONCORDANCE_ONLY,False,False,True,True,False,LOW,INCOMPLETE_OR_PLACEHOLDER,22,NR,NR,23 October 2024,2026,Eligible supporting estimate; not selected after matched-cell adjudication and retained only for direction/concordance.,"1 exclude own-cohort/hybrid estimates; 2 require exact predictor-outcome-time-measure-threshold microcell; 3 prefer complete paired/interval reporting; 4 prefer lower ROBIS and usable primary-study lists/overlap data; 5 prefer larger evidence base, then more recent search; 6 resolve ties by two-reviewer adjudication; magnitude/direction never used"
FE-0014,FT-007,NEUROPSYCHIATRIC_OUTCOMES,NEUROPSYCHIATRIC_OUTCOMES | iNPH population | Apathy prevalence | Cross-sectional baseline | Pooled prevalence (%) | NR,iNPH population,Apathy prevalence,Cross-sectional baseline,Pooled prevalence (%),,SYSTEMATIC_REVIEW_COMPONENT,SUPPORTING_CONCORDANCE_ONLY,False,False,True,True,False,LOW,INCOMPLETE_OR_PLACEHOLDER,22,NR,293,23 October 2024,2026,Eligible supporting estimate; not selected after matched-cell adjudication and retained only for direction/concordance.,"1 exclude own-cohort/hybrid estimates; 2 require exact predictor-outcome-time-measure-threshold microcell; 3 prefer complete paired/interval reporting; 4 prefer lower ROBIS and usable primary-study lists/overlap data; 5 prefer larger evidence base, then more recent search; 6 resolve ties by two-reviewer adjudication; magnitude/direction never used"
FE-0015,FT-007,NEUROPSYCHIATRIC_OUTCOMES,NEUROPSYCHIATRIC_OUTCOMES | iNPH population | Depression prevalence | Cross-sectional baseline | Pooled prevalence (%) | NR,iNPH population,Depression prevalence,Cross-sectional baseline,Pooled prevalence (%),,SYSTEMATIC_REVIEW_COMPONENT,SUPPORTING_CONCORDANCE_ONLY,False,False,True,True,False,LOW,INCOMPLETE_OR_PLACEHOLDER,22,NR,7670,23 October 2024,2026,Eligible supporting estimate; not selected after matched-cell adjudication and retained only for direction/concordance.,"1 exclude own-cohort/hybrid estimates; 2 require exact predictor-outcome-time-measure-threshold microcell; 3 prefer complete paired/interval reporting; 4 prefer lower ROBIS and usable primary-study lists/overlap data; 5 prefer larger evidence base, then more recent search; 6 resolve ties by two-reviewer adjudication; magnitude/direction never used"
FE-0018,FT-007,NEUROPSYCHIATRIC_OUTCOMES,NEUROPSYCHIATRIC_OUTCOMES | iNPH population | Disinhibition prevalence | Cross-sectional baseline | Pooled prevalence (%) | NR,iNPH population,Disinhibition prevalence,Cross-sectional baseline,Pooled prevalence (%),,SYSTEMATIC_REVIEW_COMPONENT,SUPPORTING_CONCORDANCE_ONLY,False,False,True,True,False,LOW,INCOMPLETE_OR_PLACEHOLDER,22,NR,136,23 October 2024,2026,Eligible supporting estimate; not selected after matched-cell adjudication and retained only for direction/concordance.,"1 exclude own-cohort/hybrid estimates; 2 require exact predictor-outcome-time-measure-threshold microcell; 3 prefer complete paired/interval reporting; 4 prefer lower ROBIS and usable primary-study lists/overlap data; 5 prefer larger evidence base, then more recent search; 6 resolve ties by two-reviewer adjudication; magnitude/direction never used"
FE-0019,FT-007,NEUROPSYCHIATRIC_OUTCOMES,NEUROPSYCHIATRIC_OUTCOMES | iNPH population | Psychotic syndromes prevalence | Cross-sectional baseline | Pooled prevalence (%) | NR,iNPH population,Psychotic syndromes prevalence,Cross-sectional baseline,Pooled prevalence (%),,SYSTEMATIC_REVIEW_COMPONENT,SUPPORTING_CONCORDANCE_ONLY,False,False,True,True,False,LOW,INCOMPLETE_OR_PLACEHOLDER,22,NR,NR,23 October 2024,2026,Eligible supporting estimate; not selected after matched-cell adjudication and retained only for direction/concordance.,"1 exclude own-cohort/hybrid estimates; 2 require exact predictor-outcome-time-measure-threshold microcell; 3 prefer complete paired/interval reporting; 4 prefer lower ROBIS and usable primary-study lists/overlap data; 5 prefer larger evidence base, then more recent search; 6 resolve ties by two-reviewer adjudication; magnitude/direction never used"
FE-0021,FT-007,NEUROPSYCHIATRIC_OUTCOMES,NEUROPSYCHIATRIC_OUTCOMES | iNPH treatment (mostly shunt) | Depression score change | Post-treatment; varied | SMD | NR,iNPH treatment (mostly shunt),Depression score change,Post-treatment; varied,SMD,,SYSTEMATIC_REVIEW_COMPONENT,SUPPORTING_CONCORDANCE_ONLY,False,False,True,True,False,LOW,INCOMPLETE_OR_PLACEHOLDER,22,NR,NR,23 October 2024,2026,Eligible supporting estimate; not selected after matched-cell adjudication and retained only for direction/concordance.,"1 exclude own-cohort/hybrid estimates; 2 require exact predictor-outcome-time-measure-threshold microcell; 3 prefer complete paired/interval reporting; 4 prefer lower ROBIS and usable primary-study lists/overlap data; 5 prefer larger evidence base, then more recent search; 6 resolve ties by two-reviewer adjudication; magnitude/direction never used"
FE-0020,FT-007,NEUROPSYCHIATRIC_OUTCOMES,NEUROPSYCHIATRIC_OUTCOMES | iNPH vs control | Depression severity | Baseline | Hedges g | NR,iNPH vs control,Depression severity,Baseline,Hedges g,,SYSTEMATIC_REVIEW_COMPONENT,SUPPORTING_CONCORDANCE_ONLY,False,False,True,True,False,LOW,INCOMPLETE_OR_PLACEHOLDER,22,NR,NR,23 October 2024,2026,Eligible supporting estimate; not selected after matched-cell adjudication and retained only for direction/concordance.,"1 exclude own-cohort/hybrid estimates; 2 require exact predictor-outcome-time-measure-threshold microcell; 3 prefer complete paired/interval reporting; 4 prefer lower ROBIS and usable primary-study lists/overlap data; 5 prefer larger evidence base, then more recent search; 6 resolve ties by two-reviewer adjudication; magnitude/direction never used"
FE-0127,FT-011,OTHER,OTHER | Temporal gamma EEG pattern | Predictive accuracy | Varied | Sensitivity | NR,Temporal gamma EEG pattern,Predictive accuracy,Varied,Sensitivity,NR,CODEX_COMPLEMENTARY_EXTRACTION,SUPPORTING_CONCORDANCE_ONLY,False,False,True,False,True,HIGH,INCOMPLETE_OR_PLACEHOLDER,10,1,NR,March 2023,2025,Eligible supporting estimate; not selected after matched-cell adjudication and retained only for direction/concordance.,"1 exclude own-cohort/hybrid estimates; 2 require exact predictor-outcome-time-measure-threshold microcell; 3 prefer complete paired/interval reporting; 4 prefer lower ROBIS and usable primary-study lists/overlap data; 5 prefer larger evidence base, then more recent search; 6 resolve ties by two-reviewer adjudication; magnitude/direction never used"
FE-0128,FT-011,OTHER,OTHER | Temporal gamma EEG pattern | Predictive accuracy | Varied | Specificity | NR,Temporal gamma EEG pattern,Predictive accuracy,Varied,Specificity,NR,CODEX_COMPLEMENTARY_EXTRACTION,SUPPORTING_CONCORDANCE_ONLY,False,False,True,False,True,HIGH,INCOMPLETE_OR_PLACEHOLDER,10,1,NR,March 2023,2025,Eligible supporting estimate; not selected after matched-cell adjudication and retained only for direction/concordance.,"1 exclude own-cohort/hybrid estimates; 2 require exact predictor-outcome-time-measure-threshold microcell; 3 prefer complete paired/interval reporting; 4 prefer lower ROBIS and usable primary-study lists/overlap data; 5 prefer larger evidence base, then more recent search; 6 resolve ties by two-reviewer adjudication; magnitude/direction never used"
FE-0024,FT-010,ROUT_THRESHOLDS,ROUT_THRESHOLDS | Lumbar infusion test—Rout | Shunt nonresponse | 3–12 months | NPV at 65% response prevalence | Rout >12 mmHg/mL/min,Lumbar infusion test—Rout,Shunt nonresponse,3–12 months,NPV at 65% response prevalence,Rout >12 mmHg/mL/min,SYSTEMATIC_REVIEW_COMPONENT,ANCHOR_ESTIMATE_FOR_CELL,True,False,True,True,True,HIGH,INCOMPLETE_OR_PLACEHOLDER,5,5,NR,NR,2025,"Selected after exact microcell matching and two-reviewer adjudication using reporting completeness, lower ROBIS, usable primary-study lists/overlap data, evidence-base size and search recency; magnitude and direction were not selection criteria.","1 exclude own-cohort/hybrid estimates; 2 require exact predictor-outcome-time-measure-threshold microcell; 3 prefer complete paired/interval reporting; 4 prefer lower ROBIS and usable primary-study lists/overlap data; 5 prefer larger evidence base, then more recent search; 6 resolve ties by two-reviewer adjudication; magnitude/direction never used"
FE-0027,FT-010,ROUT_THRESHOLDS,ROUT_THRESHOLDS | Lumbar infusion test—Rout | Shunt nonresponse | 3–12 months | NPV at 65% response prevalence | Rout >14 mmHg/mL/min,Lumbar infusion test—Rout,Shunt nonresponse,3–12 months,NPV at 65% response prevalence,Rout >14 mmHg/mL/min,SYSTEMATIC_REVIEW_COMPONENT,ANCHOR_ESTIMATE_FOR_CELL,True,False,True,True,True,HIGH,INCOMPLETE_OR_PLACEHOLDER,5,5,NR,NR,2025,"Selected after exact microcell matching and two-reviewer adjudication using reporting completeness, lower ROBIS, usable primary-study lists/overlap data, evidence-base size and search recency; magnitude and direction were not selection criteria.","1 exclude own-cohort/hybrid estimates; 2 require exact predictor-outcome-time-measure-threshold microcell; 3 prefer complete paired/interval reporting; 4 prefer lower ROBIS and usable primary-study lists/overlap data; 5 prefer larger evidence base, then more recent search; 6 resolve ties by two-reviewer adjudication; magnitude/direction never used"
FE-0030,FT-010,ROUT_THRESHOLDS,ROUT_THRESHOLDS | Lumbar infusion test—Rout | Shunt nonresponse | 3–12 months | NPV at 65% response prevalence | Rout >18 mmHg/mL/min,Lumbar infusion test—Rout,Shunt nonresponse,3–12 months,NPV at 65% response prevalence,Rout >18 mmHg/mL/min,SYSTEMATIC_REVIEW_COMPONENT,ANCHOR_ESTIMATE_FOR_CELL,True,False,True,True,True,HIGH,INCOMPLETE_OR_PLACEHOLDER,5,5,NR,NR,2025,"Selected after exact microcell matching and two-reviewer adjudication using reporting completeness, lower ROBIS, usable primary-study lists/overlap data, evidence-base size and search recency; magnitude and direction were not selection criteria.","1 exclude own-cohort/hybrid estimates; 2 require exact predictor-outcome-time-measure-threshold microcell; 3 prefer complete paired/interval reporting; 4 prefer lower ROBIS and usable primary-study lists/overlap data; 5 prefer larger evidence base, then more recent search; 6 resolve ties by two-reviewer adjudication; magnitude/direction never used"
FE-0022,FT-010,ROUT_THRESHOLDS,ROUT_THRESHOLDS | Lumbar infusion test—Rout | Shunt response | 3–12 months | Sensitivity | Rout >12 mmHg/mL/min,Lumbar infusion test—Rout,Shunt response,3–12 months,Sensitivity,Rout >12 mmHg/mL/min,SYSTEMATIC_REVIEW_COMPONENT,ANCHOR_ESTIMATE_FOR_CELL,True,False,True,True,True,HIGH,INCOMPLETE_OR_PLACEHOLDER,5,5,Study N 17–127,NR,2025,"Selected after exact microcell matching and two-reviewer adjudication using reporting completeness, lower ROBIS, usable primary-study lists/overlap data, evidence-base size and search recency; magnitude and direction were not selection criteria.","1 exclude own-cohort/hybrid estimates; 2 require exact predictor-outcome-time-measure-threshold microcell; 3 prefer complete paired/interval reporting; 4 prefer lower ROBIS and usable primary-study lists/overlap data; 5 prefer larger evidence base, then more recent search; 6 resolve ties by two-reviewer adjudication; magnitude/direction never used"
FE-0025,FT-010,ROUT_THRESHOLDS,ROUT_THRESHOLDS | Lumbar infusion test—Rout | Shunt response | 3–12 months | Sensitivity | Rout >14 mmHg/mL/min,Lumbar infusion test—Rout,Shunt response,3–12 months,Sensitivity,Rout >14 mmHg/mL/min,SYSTEMATIC_REVIEW_COMPONENT,ANCHOR_ESTIMATE_FOR_CELL,True,False,True,True,True,HIGH,INCOMPLETE_OR_PLACEHOLDER,5,5,Study N 17–127,NR,2025,"Selected after exact microcell matching and two-reviewer adjudication using reporting completeness, lower ROBIS, usable primary-study lists/overlap data, evidence-base size and search recency; magnitude and direction were not selection criteria.","1 exclude own-cohort/hybrid estimates; 2 require exact predictor-outcome-time-measure-threshold microcell; 3 prefer complete paired/interval reporting; 4 prefer lower ROBIS and usable primary-study lists/overlap data; 5 prefer larger evidence base, then more recent search; 6 resolve ties by two-reviewer adjudication; magnitude/direction never used"
FE-0028,FT-010,ROUT_THRESHOLDS,ROUT_THRESHOLDS | Lumbar infusion test—Rout | Shunt response | 3–12 months | Sensitivity | Rout >18 mmHg/mL/min,Lumbar infusion test—Rout,Shunt response,3–12 months,Sensitivity,Rout >18 mmHg/mL/min,SYSTEMATIC_REVIEW_COMPONENT,ANCHOR_ESTIMATE_FOR_CELL,True,False,True,True,True,HIGH,INCOMPLETE_OR_PLACEHOLDER,5,5,Study N 17–127,NR,2025,"Selected after exact microcell matching and two-reviewer adjudication using reporting completeness, lower ROBIS, usable primary-study lists/overlap data, evidence-base size and search recency; magnitude and direction were not selection criteria.","1 exclude own-cohort/hybrid estimates; 2 require exact predictor-outcome-time-measure-threshold microcell; 3 prefer complete paired/interval reporting; 4 prefer lower ROBIS and usable primary-study lists/overlap data; 5 prefer larger evidence base, then more recent search; 6 resolve ties by two-reviewer adjudication; magnitude/direction never used"
FE-0023,FT-010,ROUT_THRESHOLDS,ROUT_THRESHOLDS | Lumbar infusion test—Rout | Shunt response | 3–12 months | Specificity | Rout >12 mmHg/mL/min,Lumbar infusion test—Rout,Shunt response,3–12 months,Specificity,Rout >12 mmHg/mL/min,SYSTEMATIC_REVIEW_COMPONENT,ANCHOR_ESTIMATE_FOR_CELL,True,False,True,True,True,HIGH,INCOMPLETE_OR_PLACEHOLDER,5,5,Study N 17–127,NR,2025,"Selected after exact microcell matching and two-reviewer adjudication using reporting completeness, lower ROBIS, usable primary-study lists/overlap data, evidence-base size and search recency; magnitude and direction were not selection criteria.","1 exclude own-cohort/hybrid estimates; 2 require exact predictor-outcome-time-measure-threshold microcell; 3 prefer complete paired/interval reporting; 4 prefer lower ROBIS and usable primary-study lists/overlap data; 5 prefer larger evidence base, then more recent search; 6 resolve ties by two-reviewer adjudication; magnitude/direction never used"
FE-0026,FT-010,ROUT_THRESHOLDS,ROUT_THRESHOLDS | Lumbar infusion test—Rout | Shunt response | 3–12 months | Specificity | Rout >14 mmHg/mL/min,Lumbar infusion test—Rout,Shunt response,3–12 months,Specificity,Rout >14 mmHg/mL/min,SYSTEMATIC_REVIEW_COMPONENT,ANCHOR_ESTIMATE_FOR_CELL,True,False,True,True,True,HIGH,INCOMPLETE_OR_PLACEHOLDER,5,5,Study N 17–127,NR,2025,"Selected after exact microcell matching and two-reviewer adjudication using reporting completeness, lower ROBIS, usable primary-study lists/overlap data, evidence-base size and search recency; magnitude and direction were not selection criteria.","1 exclude own-cohort/hybrid estimates; 2 require exact predictor-outcome-time-measure-threshold microcell; 3 prefer complete paired/interval reporting; 4 prefer lower ROBIS and usable primary-study lists/overlap data; 5 prefer larger evidence base, then more recent search; 6 resolve ties by two-reviewer adjudication; magnitude/direction never used"
FE-0029,FT-010,ROUT_THRESHOLDS,ROUT_THRESHOLDS | Lumbar infusion test—Rout | Shunt response | 3–12 months | Specificity | Rout >18 mmHg/mL/min,Lumbar infusion test—Rout,Shunt response,3–12 months,Specificity,Rout >18 mmHg/mL/min,SYSTEMATIC_REVIEW_COMPONENT,ANCHOR_ESTIMATE_FOR_CELL,True,False,True,True,True,HIGH,INCOMPLETE_OR_PLACEHOLDER,5,5,Study N 17–127,NR,2025,"Selected after exact microcell matching and two-reviewer adjudication using reporting completeness, lower ROBIS, usable primary-study lists/overlap data, evidence-base size and search recency; magnitude and direction were not selection criteria.","1 exclude own-cohort/hybrid estimates; 2 require exact predictor-outcome-time-measure-threshold microcell; 3 prefer complete paired/interval reporting; 4 prefer lower ROBIS and usable primary-study lists/overlap data; 5 prefer larger evidence base, then more recent search; 6 resolve ties by two-reviewer adjudication; magnitude/direction never used"
FE-0093,FT-044,ROUT_THRESHOLDS,ROUT_THRESHOLDS | Resistance to CSF outflow | Shunt nonresponse | Varied | NPV | Rout >10 mmHg/mL/min,Resistance to CSF outflow,Shunt nonresponse,Varied,NPV,Rout >10 mmHg/mL/min,SYSTEMATIC_REVIEW_COMPONENT,SUPPORTING_CONCORDANCE_ONLY,False,False,True,False,True,HIGH,COMPLETE_FOR_CCA,9,varies,389,9 January 2014,2015,Eligible supporting estimate; not selected after matched-cell adjudication and retained only for direction/concordance.,"1 exclude own-cohort/hybrid estimates; 2 require exact predictor-outcome-time-measure-threshold microcell; 3 prefer complete paired/interval reporting; 4 prefer lower ROBIS and usable primary-study lists/overlap data; 5 prefer larger evidence base, then more recent search; 6 resolve ties by two-reviewer adjudication; magnitude/direction never used"
FE-0096,FT-044,ROUT_THRESHOLDS,ROUT_THRESHOLDS | Resistance to CSF outflow | Shunt nonresponse | Varied | NPV | Rout >12 mmHg/mL/min,Resistance to CSF outflow,Shunt nonresponse,Varied,NPV,Rout >12 mmHg/mL/min,SYSTEMATIC_REVIEW_COMPONENT,SUPPORTING_CONCORDANCE_ONLY,False,False,True,False,True,HIGH,COMPLETE_FOR_CCA,9,varies,499,9 January 2014,2015,Eligible supporting estimate; not selected after matched-cell adjudication and retained only for direction/concordance.,"1 exclude own-cohort/hybrid estimates; 2 require exact predictor-outcome-time-measure-threshold microcell; 3 prefer complete paired/interval reporting; 4 prefer lower ROBIS and usable primary-study lists/overlap data; 5 prefer larger evidence base, then more recent search; 6 resolve ties by two-reviewer adjudication; magnitude/direction never used"
FE-0101,FT-044,ROUT_THRESHOLDS,ROUT_THRESHOLDS | Resistance to CSF outflow | Shunt nonresponse | Varied | NPV | Rout >15 mmHg/mL/min,Resistance to CSF outflow,Shunt nonresponse,Varied,NPV,Rout >15 mmHg/mL/min,SYSTEMATIC_REVIEW_COMPONENT,SUPPORTING_CONCORDANCE_ONLY,False,False,True,False,True,HIGH,COMPLETE_FOR_CCA,9,varies,NÃO EXTRAÍVEL,9 January 2014,2015,Eligible supporting estimate; not selected after matched-cell adjudication and retained only for direction/concordance.,"1 exclude own-cohort/hybrid estimates; 2 require exact predictor-outcome-time-measure-threshold microcell; 3 prefer complete paired/interval reporting; 4 prefer lower ROBIS and usable primary-study lists/overlap data; 5 prefer larger evidence base, then more recent search; 6 resolve ties by two-reviewer adjudication; magnitude/direction never used"
FE-0104,FT-044,ROUT_THRESHOLDS,ROUT_THRESHOLDS | Resistance to CSF outflow | Shunt nonresponse | Varied | NPV | Rout >18 mmHg/mL/min,Resistance to CSF outflow,Shunt nonresponse,Varied,NPV,Rout >18 mmHg/mL/min,SYSTEMATIC_REVIEW_COMPONENT,SUPPORTING_CONCORDANCE_ONLY,False,False,True,False,True,HIGH,COMPLETE_FOR_CCA,9,varies,NÃO EXTRAÍVEL,9 January 2014,2015,Eligible supporting estimate; not selected after matched-cell adjudication and retained only for direction/concordance.,"1 exclude own-cohort/hybrid estimates; 2 require exact predictor-outcome-time-measure-threshold microcell; 3 prefer complete paired/interval reporting; 4 prefer lower ROBIS and usable primary-study lists/overlap data; 5 prefer larger evidence base, then more recent search; 6 resolve ties by two-reviewer adjudication; magnitude/direction never used"
FE-0091,FT-044,ROUT_THRESHOLDS,ROUT_THRESHOLDS | Resistance to CSF outflow | Shunt response | Varied | OR | Rout >10 mmHg/mL/min,Resistance to CSF outflow,Shunt response,Varied,OR,Rout >10 mmHg/mL/min,SYSTEMATIC_REVIEW_COMPONENT,SUPPORTING_CONCORDANCE_ONLY,False,False,True,False,True,HIGH,COMPLETE_FOR_CCA,9,7 for 10; 9 for 18; varies,389,9 January 2014,2015,Eligible supporting estimate; not selected after matched-cell adjudication and retained only for direction/concordance.,"1 exclude own-cohort/hybrid estimates; 2 require exact predictor-outcome-time-measure-threshold microcell; 3 prefer complete paired/interval reporting; 4 prefer lower ROBIS and usable primary-study lists/overlap data; 5 prefer larger evidence base, then more recent search; 6 resolve ties by two-reviewer adjudication; magnitude/direction never used"
FE-0094,FT-044,ROUT_THRESHOLDS,ROUT_THRESHOLDS | Resistance to CSF outflow | Shunt response | Varied | OR | Rout >12 mmHg/mL/min,Resistance to CSF outflow,Shunt response,Varied,OR,Rout >12 mmHg/mL/min,SYSTEMATIC_REVIEW_COMPONENT,SUPPORTING_CONCORDANCE_ONLY,False,False,True,False,True,HIGH,COMPLETE_FOR_CCA,9,7 for 10; 9 for 18; varies,499,9 January 2014,2015,Eligible supporting estimate; not selected after matched-cell adjudication and retained only for direction/concordance.,"1 exclude own-cohort/hybrid estimates; 2 require exact predictor-outcome-time-measure-threshold microcell; 3 prefer complete paired/interval reporting; 4 prefer lower ROBIS and usable primary-study lists/overlap data; 5 prefer larger evidence base, then more recent search; 6 resolve ties by two-reviewer adjudication; magnitude/direction never used"
FE-0099,FT-044,ROUT_THRESHOLDS,ROUT_THRESHOLDS | Resistance to CSF outflow | Shunt response | Varied | OR | Rout >15 mmHg/mL/min,Resistance to CSF outflow,Shunt response,Varied,OR,Rout >15 mmHg/mL/min,SYSTEMATIC_REVIEW_COMPONENT,SUPPORTING_CONCORDANCE_ONLY,False,False,True,False,True,HIGH,COMPLETE_FOR_CCA,9,7 for 10; 9 for 18; varies,NÃO EXTRAÍVEL,9 January 2014,2015,Eligible supporting estimate; not selected after matched-cell adjudication and retained only for direction/concordance.,"1 exclude own-cohort/hybrid estimates; 2 require exact predictor-outcome-time-measure-threshold microcell; 3 prefer complete paired/interval reporting; 4 prefer lower ROBIS and usable primary-study lists/overlap data; 5 prefer larger evidence base, then more recent search; 6 resolve ties by two-reviewer adjudication; magnitude/direction never used"
FE-0102,FT-044,ROUT_THRESHOLDS,ROUT_THRESHOLDS | Resistance to CSF outflow | Shunt response | Varied | OR | Rout >18 mmHg/mL/min,Resistance to CSF outflow,Shunt response,Varied,OR,Rout >18 mmHg/mL/min,SYSTEMATIC_REVIEW_COMPONENT,SUPPORTING_CONCORDANCE_ONLY,False,False,True,False,True,HIGH,COMPLETE_FOR_CCA,9,7 for 10; 9 for 18; varies,NÃO EXTRAÍVEL,9 January 2014,2015,Eligible supporting estimate; not selected after matched-cell adjudication and retained only for direction/concordance.,"1 exclude own-cohort/hybrid estimates; 2 require exact predictor-outcome-time-measure-threshold microcell; 3 prefer complete paired/interval reporting; 4 prefer lower ROBIS and usable primary-study lists/overlap data; 5 prefer larger evidence base, then more recent search; 6 resolve ties by two-reviewer adjudication; magnitude/direction never used"
FE-0092,FT-044,ROUT_THRESHOLDS,ROUT_THRESHOLDS | Resistance to CSF outflow | Shunt response | Varied | PPV | Rout >10 mmHg/mL/min,Resistance to CSF outflow,Shunt response,Varied,PPV,Rout >10 mmHg/mL/min,SYSTEMATIC_REVIEW_COMPONENT,SUPPORTING_CONCORDANCE_ONLY,False,False,True,False,True,HIGH,COMPLETE_FOR_CCA,9,varies,389,9 January 2014,2015,Eligible supporting estimate; not selected after matched-cell adjudication and retained only for direction/concordance.,"1 exclude own-cohort/hybrid estimates; 2 require exact predictor-outcome-time-measure-threshold microcell; 3 prefer complete paired/interval reporting; 4 prefer lower ROBIS and usable primary-study lists/overlap data; 5 prefer larger evidence base, then more recent search; 6 resolve ties by two-reviewer adjudication; magnitude/direction never used"
FE-0095,FT-044,ROUT_THRESHOLDS,ROUT_THRESHOLDS | Resistance to CSF outflow | Shunt response | Varied | PPV | Rout >12 mmHg/mL/min,Resistance to CSF outflow,Shunt response,Varied,PPV,Rout >12 mmHg/mL/min,SYSTEMATIC_REVIEW_COMPONENT,SUPPORTING_CONCORDANCE_ONLY,False,False,True,False,True,HIGH,COMPLETE_FOR_CCA,9,varies,499,9 January 2014,2015,Eligible supporting estimate; not selected after matched-cell adjudication and retained only for direction/concordance.,"1 exclude own-cohort/hybrid estimates; 2 require exact predictor-outcome-time-measure-threshold microcell; 3 prefer complete paired/interval reporting; 4 prefer lower ROBIS and usable primary-study lists/overlap data; 5 prefer larger evidence base, then more recent search; 6 resolve ties by two-reviewer adjudication; magnitude/direction never used"
FE-0100,FT-044,ROUT_THRESHOLDS,ROUT_THRESHOLDS | Resistance to CSF outflow | Shunt response | Varied | PPV | Rout >15 mmHg/mL/min,Resistance to CSF outflow,Shunt response,Varied,PPV,Rout >15 mmHg/mL/min,SYSTEMATIC_REVIEW_COMPONENT,SUPPORTING_CONCORDANCE_ONLY,False,False,True,False,True,HIGH,COMPLETE_FOR_CCA,9,varies,NÃO EXTRAÍVEL,9 January 2014,2015,Eligible supporting estimate; not selected after matched-cell adjudication and retained only for direction/concordance.,"1 exclude own-cohort/hybrid estimates; 2 require exact predictor-outcome-time-measure-threshold microcell; 3 prefer complete paired/interval reporting; 4 prefer lower ROBIS and usable primary-study lists/overlap data; 5 prefer larger evidence base, then more recent search; 6 resolve ties by two-reviewer adjudication; magnitude/direction never used"
FE-0103,FT-044,ROUT_THRESHOLDS,ROUT_THRESHOLDS | Resistance to CSF outflow | Shunt response | Varied | PPV | Rout >18 mmHg/mL/min,Resistance to CSF outflow,Shunt response,Varied,PPV,Rout >18 mmHg/mL/min,SYSTEMATIC_REVIEW_COMPONENT,SUPPORTING_CONCORDANCE_ONLY,False,False,True,False,True,HIGH,COMPLETE_FOR_CCA,9,varies,NÃO EXTRAÍVEL,9 January 2014,2015,Eligible supporting estimate; not selected after matched-cell adjudication and retained only for direction/concordance.,"1 exclude own-cohort/hybrid estimates; 2 require exact predictor-outcome-time-measure-threshold microcell; 3 prefer complete paired/interval reporting; 4 prefer lower ROBIS and usable primary-study lists/overlap data; 5 prefer larger evidence base, then more recent search; 6 resolve ties by two-reviewer adjudication; magnitude/direction never used"
FE-0097,FT-044,ROUT_THRESHOLDS,ROUT_THRESHOLDS | Resistance to CSF outflow | Shunt response | Varied | Sensitivity | Rout >12 mmHg/mL/min,Resistance to CSF outflow,Shunt response,Varied,Sensitivity,Rout >12 mmHg/mL/min,SYSTEMATIC_REVIEW_COMPONENT,SUPPORTING_CONCORDANCE_ONLY,False,False,True,False,True,HIGH,COMPLETE_FOR_CCA,9,9,499,9 January 2014,2015,Eligible supporting estimate; not selected after matched-cell adjudication and retained only for direction/concordance.,"1 exclude own-cohort/hybrid estimates; 2 require exact predictor-outcome-time-measure-threshold microcell; 3 prefer complete paired/interval reporting; 4 prefer lower ROBIS and usable primary-study lists/overlap data; 5 prefer larger evidence base, then more recent search; 6 resolve ties by two-reviewer adjudication; magnitude/direction never used"
FE-0098,FT-044,ROUT_THRESHOLDS,ROUT_THRESHOLDS | Resistance to CSF outflow | Shunt response | Varied | Specificity | Rout >12 mmHg/mL/min,Resistance to CSF outflow,Shunt response,Varied,Specificity,Rout >12 mmHg/mL/min,SYSTEMATIC_REVIEW_COMPONENT,SUPPORTING_CONCORDANCE_ONLY,False,False,True,False,True,HIGH,COMPLETE_FOR_CCA,9,9,499,9 January 2014,2015,Eligible supporting estimate; not selected after matched-cell adjudication and retained only for direction/concordance.,"1 exclude own-cohort/hybrid estimates; 2 require exact predictor-outcome-time-measure-threshold microcell; 3 prefer complete paired/interval reporting; 4 prefer lower ROBIS and usable primary-study lists/overlap data; 5 prefer larger evidence base, then more recent search; 6 resolve ties by two-reviewer adjudication; magnitude/direction never used"
FE-0061,FT-028,STRUCTURAL_IMAGING,STRUCTURAL_IMAGING | CT cisternography | Shunt responder vs nonresponder | Varied | Pooled DOR | Study-specific,CT cisternography,Shunt responder vs nonresponder,Varied,Pooled DOR,Study-specific,SYSTEMATIC_REVIEW_COMPONENT,ANCHOR_ESTIMATE_FOR_CELL,True,False,True,False,False,HIGH,INCOMPLETE_OR_PLACEHOLDER,28,NÃO EXTRAÍVEL,NR,NR,2023,"Selected after exact microcell matching and two-reviewer adjudication using reporting completeness, lower ROBIS, usable primary-study lists/overlap data, evidence-base size and search recency; magnitude and direction were not selection criteria.","1 exclude own-cohort/hybrid estimates; 2 require exact predictor-outcome-time-measure-threshold microcell; 3 prefer complete paired/interval reporting; 4 prefer lower ROBIS and usable primary-study lists/overlap data; 5 prefer larger evidence base, then more recent search; 6 resolve ties by two-reviewer adjudication; magnitude/direction never used"
FE-0058,FT-028,STRUCTURAL_IMAGING,STRUCTURAL_IMAGING | Callosal angle | Shunt responder vs nonresponder | Varied | DOR | Study-specific,Callosal angle,Shunt responder vs nonresponder,Varied,DOR,Study-specific,SYSTEMATIC_REVIEW_COMPONENT,ANCHOR_ESTIMATE_FOR_CELL,True,False,True,False,False,HIGH,INCOMPLETE_OR_PLACEHOLDER,28,Callosal angle 5; PVWM 3,NR,NR,2023,"Selected after exact microcell matching and two-reviewer adjudication using reporting completeness, lower ROBIS, usable primary-study lists/overlap data, evidence-base size and search recency; magnitude and direction were not selection criteria.","1 exclude own-cohort/hybrid estimates; 2 require exact predictor-outcome-time-measure-threshold microcell; 3 prefer complete paired/interval reporting; 4 prefer lower ROBIS and usable primary-study lists/overlap data; 5 prefer larger evidence base, then more recent search; 6 resolve ties by two-reviewer adjudication; magnitude/direction never used"
FE-0062,FT-028,STRUCTURAL_IMAGING,STRUCTURAL_IMAGING | Cerebral blood flow | Shunt responder vs nonresponder | Varied | Pooled DOR | Study-specific,Cerebral blood flow,Shunt responder vs nonresponder,Varied,Pooled DOR,Study-specific,SYSTEMATIC_REVIEW_COMPONENT,ANCHOR_ESTIMATE_FOR_CELL,True,False,True,False,False,HIGH,INCOMPLETE_OR_PLACEHOLDER,28,NÃO EXTRAÍVEL,NR,NR,2023,"Selected after exact microcell matching and two-reviewer adjudication using reporting completeness, lower ROBIS, usable primary-study lists/overlap data, evidence-base size and search recency; magnitude and direction were not selection criteria.","1 exclude own-cohort/hybrid estimates; 2 require exact predictor-outcome-time-measure-threshold microcell; 3 prefer complete paired/interval reporting; 4 prefer lower ROBIS and usable primary-study lists/overlap data; 5 prefer larger evidence base, then more recent search; 6 resolve ties by two-reviewer adjudication; magnitude/direction never used"
FE-0142,FT-032,STRUCTURAL_IMAGING,STRUCTURAL_IMAGING | DESH | Discrimination | Varied | AUC | NR,DESH,Discrimination,Varied,AUC,NR,CODEX_COMPLEMENTARY_EXTRACTION,ANCHOR_ESTIMATE_FOR_CELL,True,False,True,True,True,HIGH,INCOMPLETE_OR_PLACEHOLDER,10,10,NR,NR,2021,"Selected after exact microcell matching and two-reviewer adjudication using reporting completeness, lower ROBIS, usable primary-study lists/overlap data, evidence-base size and search recency; magnitude and direction were not selection criteria.","1 exclude own-cohort/hybrid estimates; 2 require exact predictor-outcome-time-measure-threshold microcell; 3 prefer complete paired/interval reporting; 4 prefer lower ROBIS and usable primary-study lists/overlap data; 5 prefer larger evidence base, then more recent search; 6 resolve ties by two-reviewer adjudication; magnitude/direction never used"
FE-0143,FT-032,STRUCTURAL_IMAGING,STRUCTURAL_IMAGING | DESH | Prevalence in iNPH | Varied | Proportion | NR,DESH,Prevalence in iNPH,Varied,Proportion,NR,CODEX_COMPLEMENTARY_EXTRACTION,ANCHOR_ESTIMATE_FOR_CELL,True,False,True,True,True,HIGH,INCOMPLETE_OR_PLACEHOLDER,10,10,NR,NR,2021,"Selected after exact microcell matching and two-reviewer adjudication using reporting completeness, lower ROBIS, usable primary-study lists/overlap data, evidence-base size and search recency; magnitude and direction were not selection criteria.","1 exclude own-cohort/hybrid estimates; 2 require exact predictor-outcome-time-measure-threshold microcell; 3 prefer complete paired/interval reporting; 4 prefer lower ROBIS and usable primary-study lists/overlap data; 5 prefer larger evidence base, then more recent search; 6 resolve ties by two-reviewer adjudication; magnitude/direction never used"
FE-0140,FT-032,STRUCTURAL_IMAGING,STRUCTURAL_IMAGING | DESH | Sensitivity | Varied | Sensitivity | NR,DESH,Sensitivity,Varied,Sensitivity,NR,CODEX_COMPLEMENTARY_EXTRACTION,ANCHOR_ESTIMATE_FOR_CELL,True,False,True,True,True,HIGH,INCOMPLETE_OR_PLACEHOLDER,10,10,NR,NR,2021,"Selected after exact microcell matching and two-reviewer adjudication using reporting completeness, lower ROBIS, usable primary-study lists/overlap data, evidence-base size and search recency; magnitude and direction were not selection criteria.","1 exclude own-cohort/hybrid estimates; 2 require exact predictor-outcome-time-measure-threshold microcell; 3 prefer complete paired/interval reporting; 4 prefer lower ROBIS and usable primary-study lists/overlap data; 5 prefer larger evidence base, then more recent search; 6 resolve ties by two-reviewer adjudication; magnitude/direction never used"
FE-0060,FT-028,STRUCTURAL_IMAGING,STRUCTURAL_IMAGING | DESH | Shunt responder vs nonresponder | Varied | Pooled DOR | Study-specific,DESH,Shunt responder vs nonresponder,Varied,Pooled DOR,Study-specific,SYSTEMATIC_REVIEW_COMPONENT,ANCHOR_ESTIMATE_FOR_CELL,True,False,True,False,False,HIGH,INCOMPLETE_OR_PLACEHOLDER,28,NÃO EXTRAÍVEL,NR,NR,2023,"Selected after exact microcell matching and two-reviewer adjudication using reporting completeness, lower ROBIS, usable primary-study lists/overlap data, evidence-base size and search recency; magnitude and direction were not selection criteria.","1 exclude own-cohort/hybrid estimates; 2 require exact predictor-outcome-time-measure-threshold microcell; 3 prefer complete paired/interval reporting; 4 prefer lower ROBIS and usable primary-study lists/overlap data; 5 prefer larger evidence base, then more recent search; 6 resolve ties by two-reviewer adjudication; magnitude/direction never used"
FE-0141,FT-032,STRUCTURAL_IMAGING,STRUCTURAL_IMAGING | DESH | Specificity | Varied | Specificity | NR,DESH,Specificity,Varied,Specificity,NR,CODEX_COMPLEMENTARY_EXTRACTION,ANCHOR_ESTIMATE_FOR_CELL,True,False,True,True,True,HIGH,INCOMPLETE_OR_PLACEHOLDER,10,10,NR,NR,2021,"Selected after exact microcell matching and two-reviewer adjudication using reporting completeness, lower ROBIS, usable primary-study lists/overlap data, evidence-base size and search recency; magnitude and direction were not selection criteria.","1 exclude own-cohort/hybrid estimates; 2 require exact predictor-outcome-time-measure-threshold microcell; 3 prefer complete paired/interval reporting; 4 prefer lower ROBIS and usable primary-study lists/overlap data; 5 prefer larger evidence base, then more recent search; 6 resolve ties by two-reviewer adjudication; magnitude/direction never used"
FE-0059,FT-028,STRUCTURAL_IMAGING,STRUCTURAL_IMAGING | Periventricular white matter changes | Shunt responder vs nonresponder | Varied | DOR | Study-specific,Periventricular white matter changes,Shunt responder vs nonresponder,Varied,DOR,Study-specific,SYSTEMATIC_REVIEW_COMPONENT,ANCHOR_ESTIMATE_FOR_CELL,True,False,True,False,False,HIGH,INCOMPLETE_OR_PLACEHOLDER,28,Callosal angle 5; PVWM 3,NR,NR,2023,"Selected after exact microcell matching and two-reviewer adjudication using reporting completeness, lower ROBIS, usable primary-study lists/overlap data, evidence-base size and search recency; magnitude and direction were not selection criteria.","1 exclude own-cohort/hybrid estimates; 2 require exact predictor-outcome-time-measure-threshold microcell; 3 prefer complete paired/interval reporting; 4 prefer lower ROBIS and usable primary-study lists/overlap data; 5 prefer larger evidence base, then more recent search; 6 resolve ties by two-reviewer adjudication; magnitude/direction never used"
FE-0132,FT-019,SURVIVAL,SURVIVAL | All shunted NPH | Median survival | Long-term post-shunt | Median | NR,All shunted NPH,Median survival,Long-term post-shunt,Median,NR,CODEX_COMPLEMENTARY_EXTRACTION,ANCHOR_ESTIMATE_FOR_CELL,True,False,True,True,False,HIGH,COMPLETE_FOR_CCA,5,5,NR,2024,2024,"Selected after exact microcell matching and two-reviewer adjudication using reporting completeness, lower ROBIS, usable primary-study lists/overlap data, evidence-base size and search recency; magnitude and direction were not selection criteria.","1 exclude own-cohort/hybrid estimates; 2 require exact predictor-outcome-time-measure-threshold microcell; 3 prefer complete paired/interval reporting; 4 prefer lower ROBIS and usable primary-study lists/overlap data; 5 prefer larger evidence base, then more recent search; 6 resolve ties by two-reviewer adjudication; magnitude/direction never used"
FE-0130,FT-019,SURVIVAL,SURVIVAL | Poor vs good continence score | Overall survival | Long-term post-shunt | HR | NR,Poor vs good continence score,Overall survival,Long-term post-shunt,HR,NR,CODEX_COMPLEMENTARY_EXTRACTION,ANCHOR_ESTIMATE_FOR_CELL,True,False,True,True,False,HIGH,COMPLETE_FOR_CCA,5,2,NR,2024,2024,"Selected after exact microcell matching and two-reviewer adjudication using reporting completeness, lower ROBIS, usable primary-study lists/overlap data, evidence-base size and search recency; magnitude and direction were not selection criteria.","1 exclude own-cohort/hybrid estimates; 2 require exact predictor-outcome-time-measure-threshold microcell; 3 prefer complete paired/interval reporting; 4 prefer lower ROBIS and usable primary-study lists/overlap data; 5 prefer larger evidence base, then more recent search; 6 resolve ties by two-reviewer adjudication; magnitude/direction never used"
FE-0129,FT-019,SURVIVAL,SURVIVAL | Poor vs good gait score | Overall survival | Long-term post-shunt | HR | NR,Poor vs good gait score,Overall survival,Long-term post-shunt,HR,NR,CODEX_COMPLEMENTARY_EXTRACTION,ANCHOR_ESTIMATE_FOR_CELL,True,False,True,True,False,HIGH,COMPLETE_FOR_CCA,5,2,NR,2024,2024,"Selected after exact microcell matching and two-reviewer adjudication using reporting completeness, lower ROBIS, usable primary-study lists/overlap data, evidence-base size and search recency; magnitude and direction were not selection criteria.","1 exclude own-cohort/hybrid estimates; 2 require exact predictor-outcome-time-measure-threshold microcell; 3 prefer complete paired/interval reporting; 4 prefer lower ROBIS and usable primary-study lists/overlap data; 5 prefer larger evidence base, then more recent search; 6 resolve ties by two-reviewer adjudication; magnitude/direction never used"
FE-0131,FT-019,SURVIVAL,SURVIVAL | mRS ≥3 vs 0–2 | Overall survival | Long-term post-shunt | HR | NR,mRS ≥3 vs 0–2,Overall survival,Long-term post-shunt,HR,NR,CODEX_COMPLEMENTARY_EXTRACTION,ANCHOR_ESTIMATE_FOR_CELL,True,False,True,True,False,HIGH,COMPLETE_FOR_CCA,5,2,NR,2024,2024,"Selected after exact microcell matching and two-reviewer adjudication using reporting completeness, lower ROBIS, usable primary-study lists/overlap data, evidence-base size and search recency; magnitude and direction were not selection criteria.","1 exclude own-cohort/hybrid estimates; 2 require exact predictor-outcome-time-measure-threshold microcell; 3 prefer complete paired/interval reporting; 4 prefer lower ROBIS and usable primary-study lists/overlap data; 5 prefer larger evidence base, then more recent search; 6 resolve ties by two-reviewer adjudication; magnitude/direction never used"
FE-0031,FT-012,TAP_TEST_DTA,TAP_TEST_DTA | CSF tap test | Post-shunt clinical response | Varied | Sensitivity | Study-specific,CSF tap test,Post-shunt clinical response,Varied,Sensitivity,Study-specific,SYSTEMATIC_REVIEW_COMPONENT,ANCHOR_ESTIMATE_FOR_CELL,True,False,True,True,True,HIGH,COMPLETE_PREPRINT_LIST_ACCEPTED_ABSTRACT_UPDATE,14,9,700,22 October 2025,2026,"Selected after exact microcell matching and two-reviewer adjudication using reporting completeness, lower ROBIS, usable primary-study lists/overlap data, evidence-base size and search recency; magnitude and direction were not selection criteria.","1 exclude own-cohort/hybrid estimates; 2 require exact predictor-outcome-time-measure-threshold microcell; 3 prefer complete paired/interval reporting; 4 prefer lower ROBIS and usable primary-study lists/overlap data; 5 prefer larger evidence base, then more recent search; 6 resolve ties by two-reviewer adjudication; magnitude/direction never used"
FE-0032,FT-012,TAP_TEST_DTA,TAP_TEST_DTA | CSF tap test | Post-shunt clinical response | Varied | Specificity | Study-specific,CSF tap test,Post-shunt clinical response,Varied,Specificity,Study-specific,SYSTEMATIC_REVIEW_COMPONENT,ANCHOR_ESTIMATE_FOR_CELL,True,False,True,True,True,HIGH,COMPLETE_PREPRINT_LIST_ACCEPTED_ABSTRACT_UPDATE,14,9,700,22 October 2025,2026,"Selected after exact microcell matching and two-reviewer adjudication using reporting completeness, lower ROBIS, usable primary-study lists/overlap data, evidence-base size and search recency; magnitude and direction were not selection criteria.","1 exclude own-cohort/hybrid estimates; 2 require exact predictor-outcome-time-measure-threshold microcell; 3 prefer complete paired/interval reporting; 4 prefer lower ROBIS and usable primary-study lists/overlap data; 5 prefer larger evidence base, then more recent search; 6 resolve ties by two-reviewer adjudication; magnitude/direction never used"
FE-0078,FT-038,TEMPORARY_CSF_TESTS,TEMPORARY_CSF_TESTS | 18-m walk test | Clinical response after trial CSF removal / shunt outcome where reported | Short after drainage; shunt follow-up varied | Sensitivity | Study-specific change threshold,18-m walk test,Clinical response after trial CSF removal / shunt outcome where reported,Short after drainage; shunt follow-up varied,Sensitivity,Study-specific change threshold,SYSTEMATIC_REVIEW_COMPONENT,SUPPORTING_CONCORDANCE_ONLY,False,False,True,True,True,LOW,INCOMPLETE_OR_PLACEHOLDER,29,NÃO EXTRAÍVEL,NÃO EXTRAÍVEL,12 September 2017,2018,Eligible supporting estimate; not selected after matched-cell adjudication and retained only for direction/concordance.,"1 exclude own-cohort/hybrid estimates; 2 require exact predictor-outcome-time-measure-threshold microcell; 3 prefer complete paired/interval reporting; 4 prefer lower ROBIS and usable primary-study lists/overlap data; 5 prefer larger evidence base, then more recent search; 6 resolve ties by two-reviewer adjudication; magnitude/direction never used"
FE-0079,FT-038,TEMPORARY_CSF_TESTS,TEMPORARY_CSF_TESTS | 18-m walk test | Clinical response after trial CSF removal / shunt outcome where reported | Short after drainage; shunt follow-up varied | Specificity | Study-specific change threshold,18-m walk test,Clinical response after trial CSF removal / shunt outcome where reported,Short after drainage; shunt follow-up varied,Specificity,Study-specific change threshold,SYSTEMATIC_REVIEW_COMPONENT,SUPPORTING_CONCORDANCE_ONLY,False,False,True,True,True,LOW,INCOMPLETE_OR_PLACEHOLDER,29,NÃO EXTRAÍVEL,NÃO EXTRAÍVEL,12 September 2017,2018,Eligible supporting estimate; not selected after matched-cell adjudication and retained only for direction/concordance.,"1 exclude own-cohort/hybrid estimates; 2 require exact predictor-outcome-time-measure-threshold microcell; 3 prefer complete paired/interval reporting; 4 prefer lower ROBIS and usable primary-study lists/overlap data; 5 prefer larger evidence base, then more recent search; 6 resolve ties by two-reviewer adjudication; magnitude/direction never used"
FE-0090,FT-043,TEMPORARY_CSF_TESTS,TEMPORARY_CSF_TESTS | CSF tap test | Post-shunt response | ≥3 months | Accuracy | Study-specific,CSF tap test,Post-shunt response,≥3 months,Accuracy,Study-specific,SYSTEMATIC_REVIEW_COMPONENT,SUPPORTING_CONCORDANCE_ONLY,False,False,True,True,True,HIGH,COMPLETE_FOR_CCA,8,8,482,"February 2015 (article states February 30, 2015)",2016,Eligible supporting estimate; not selected after matched-cell adjudication and retained only for direction/concordance.,"1 exclude own-cohort/hybrid estimates; 2 require exact predictor-outcome-time-measure-threshold microcell; 3 prefer complete paired/interval reporting; 4 prefer lower ROBIS and usable primary-study lists/overlap data; 5 prefer larger evidence base, then more recent search; 6 resolve ties by two-reviewer adjudication; magnitude/direction never used"
FE-0087,FT-043,TEMPORARY_CSF_TESTS,TEMPORARY_CSF_TESTS | CSF tap test | Post-shunt response | ≥3 months | NPV | Study-specific,CSF tap test,Post-shunt response,≥3 months,NPV,Study-specific,SYSTEMATIC_REVIEW_COMPONENT,SUPPORTING_CONCORDANCE_ONLY,False,False,True,True,True,HIGH,COMPLETE_FOR_CCA,8,8,482,"February 2015 (article states February 30, 2015)",2016,Eligible supporting estimate; not selected after matched-cell adjudication and retained only for direction/concordance.,"1 exclude own-cohort/hybrid estimates; 2 require exact predictor-outcome-time-measure-threshold microcell; 3 prefer complete paired/interval reporting; 4 prefer lower ROBIS and usable primary-study lists/overlap data; 5 prefer larger evidence base, then more recent search; 6 resolve ties by two-reviewer adjudication; magnitude/direction never used"
FE-0086,FT-043,TEMPORARY_CSF_TESTS,TEMPORARY_CSF_TESTS | CSF tap test | Post-shunt response | ≥3 months | PPV | Study-specific,CSF tap test,Post-shunt response,≥3 months,PPV,Study-specific,SYSTEMATIC_REVIEW_COMPONENT,SUPPORTING_CONCORDANCE_ONLY,False,False,True,True,True,HIGH,COMPLETE_FOR_CCA,8,8,482,"February 2015 (article states February 30, 2015)",2016,Eligible supporting estimate; not selected after matched-cell adjudication and retained only for direction/concordance.,"1 exclude own-cohort/hybrid estimates; 2 require exact predictor-outcome-time-measure-threshold microcell; 3 prefer complete paired/interval reporting; 4 prefer lower ROBIS and usable primary-study lists/overlap data; 5 prefer larger evidence base, then more recent search; 6 resolve ties by two-reviewer adjudication; magnitude/direction never used"
FE-0088,FT-043,TEMPORARY_CSF_TESTS,TEMPORARY_CSF_TESTS | CSF tap test | Post-shunt response | ≥3 months | Sensitivity | Study-specific,CSF tap test,Post-shunt response,≥3 months,Sensitivity,Study-specific,SYSTEMATIC_REVIEW_COMPONENT,SUPPORTING_CONCORDANCE_ONLY,False,False,True,True,True,HIGH,COMPLETE_FOR_CCA,8,8,482,"February 2015 (article states February 30, 2015)",2016,Eligible supporting estimate; not selected after matched-cell adjudication and retained only for direction/concordance.,"1 exclude own-cohort/hybrid estimates; 2 require exact predictor-outcome-time-measure-threshold microcell; 3 prefer complete paired/interval reporting; 4 prefer lower ROBIS and usable primary-study lists/overlap data; 5 prefer larger evidence base, then more recent search; 6 resolve ties by two-reviewer adjudication; magnitude/direction never used"
FE-0089,FT-043,TEMPORARY_CSF_TESTS,TEMPORARY_CSF_TESTS | CSF tap test | Post-shunt response | ≥3 months | Specificity | Study-specific,CSF tap test,Post-shunt response,≥3 months,Specificity,Study-specific,SYSTEMATIC_REVIEW_COMPONENT,SUPPORTING_CONCORDANCE_ONLY,False,False,True,True,True,HIGH,COMPLETE_FOR_CCA,8,8,482,"February 2015 (article states February 30, 2015)",2016,Eligible supporting estimate; not selected after matched-cell adjudication and retained only for direction/concordance.,"1 exclude own-cohort/hybrid estimates; 2 require exact predictor-outcome-time-measure-threshold microcell; 3 prefer complete paired/interval reporting; 4 prefer lower ROBIS and usable primary-study lists/overlap data; 5 prefer larger evidence base, then more recent search; 6 resolve ties by two-reviewer adjudication; magnitude/direction never used"
FE-0082,FT-038,TEMPORARY_CSF_TESTS,TEMPORARY_CSF_TESTS | Cognitive test battery | Clinical response after trial CSF removal / shunt outcome where reported | Short after drainage; shunt follow-up varied | Sensitivity | Study-specific change threshold,Cognitive test battery,Clinical response after trial CSF removal / shunt outcome where reported,Short after drainage; shunt follow-up varied,Sensitivity,Study-specific change threshold,SYSTEMATIC_REVIEW_COMPONENT,SUPPORTING_CONCORDANCE_ONLY,False,False,True,True,True,LOW,INCOMPLETE_OR_PLACEHOLDER,29,NÃO EXTRAÍVEL,NÃO EXTRAÍVEL,12 September 2017,2018,Eligible supporting estimate; not selected after matched-cell adjudication and retained only for direction/concordance.,"1 exclude own-cohort/hybrid estimates; 2 require exact predictor-outcome-time-measure-threshold microcell; 3 prefer complete paired/interval reporting; 4 prefer lower ROBIS and usable primary-study lists/overlap data; 5 prefer larger evidence base, then more recent search; 6 resolve ties by two-reviewer adjudication; magnitude/direction never used"
FE-0083,FT-038,TEMPORARY_CSF_TESTS,TEMPORARY_CSF_TESTS | Cognitive test battery | Clinical response after trial CSF removal / shunt outcome where reported | Short after drainage; shunt follow-up varied | Specificity | Study-specific change threshold,Cognitive test battery,Clinical response after trial CSF removal / shunt outcome where reported,Short after drainage; shunt follow-up varied,Specificity,Study-specific change threshold,SYSTEMATIC_REVIEW_COMPONENT,SUPPORTING_CONCORDANCE_ONLY,False,False,True,True,True,LOW,INCOMPLETE_OR_PLACEHOLDER,29,NÃO EXTRAÍVEL,NÃO EXTRAÍVEL,12 September 2017,2018,Eligible supporting estimate; not selected after matched-cell adjudication and retained only for direction/concordance.,"1 exclude own-cohort/hybrid estimates; 2 require exact predictor-outcome-time-measure-threshold microcell; 3 prefer complete paired/interval reporting; 4 prefer lower ROBIS and usable primary-study lists/overlap data; 5 prefer larger evidence base, then more recent search; 6 resolve ties by two-reviewer adjudication; magnitude/direction never used"
FE-0153,FT-050,TEMPORARY_CSF_TESTS,TEMPORARY_CSF_TESTS | Extended lumbar drainage | Sensitivity range | Varied | Range | NR,Extended lumbar drainage,Sensitivity range,Varied,Range,NR,CODEX_COMPLEMENTARY_EXTRACTION,SUPPORTING_CONCORDANCE_ONLY,False,False,True,True,False,HIGH,INCOMPLETE_OR_PLACEHOLDER,NÃO_EXTRAÍVEL,,NR,1966-2004/2005,2005,Eligible supporting estimate; not selected after matched-cell adjudication and retained only for direction/concordance.,"1 exclude own-cohort/hybrid estimates; 2 require exact predictor-outcome-time-measure-threshold microcell; 3 prefer complete paired/interval reporting; 4 prefer lower ROBIS and usable primary-study lists/overlap data; 5 prefer larger evidence base, then more recent search; 6 resolve ties by two-reviewer adjudication; magnitude/direction never used"
FE-0152,FT-050,TEMPORARY_CSF_TESTS,TEMPORARY_CSF_TESTS | Infusion/Rout | Sensitivity range | Varied | Range | NR,Infusion/Rout,Sensitivity range,Varied,Range,NR,CODEX_COMPLEMENTARY_EXTRACTION,SUPPORTING_CONCORDANCE_ONLY,False,False,True,True,False,HIGH,INCOMPLETE_OR_PLACEHOLDER,NÃO_EXTRAÍVEL,,NR,1966-2004/2005,2005,Eligible supporting estimate; not selected after matched-cell adjudication and retained only for direction/concordance.,"1 exclude own-cohort/hybrid estimates; 2 require exact predictor-outcome-time-measure-threshold microcell; 3 prefer complete paired/interval reporting; 4 prefer lower ROBIS and usable primary-study lists/overlap data; 5 prefer larger evidence base, then more recent search; 6 resolve ties by two-reviewer adjudication; magnitude/direction never used"
FE-0151,FT-050,TEMPORARY_CSF_TESTS,TEMPORARY_CSF_TESTS | Tap test 40–50 mL | Sensitivity range | Varied | Range | NR,Tap test 40–50 mL,Sensitivity range,Varied,Range,NR,CODEX_COMPLEMENTARY_EXTRACTION,SUPPORTING_CONCORDANCE_ONLY,False,False,True,True,False,HIGH,INCOMPLETE_OR_PLACEHOLDER,NÃO_EXTRAÍVEL,,NR,1966-2004/2005,2005,Eligible supporting estimate; not selected after matched-cell adjudication and retained only for direction/concordance.,"1 exclude own-cohort/hybrid estimates; 2 require exact predictor-outcome-time-measure-threshold microcell; 3 prefer complete paired/interval reporting; 4 prefer lower ROBIS and usable primary-study lists/overlap data; 5 prefer larger evidence base, then more recent search; 6 resolve ties by two-reviewer adjudication; magnitude/direction never used"
FE-0084,FT-038,TEMPORARY_CSF_TESTS,TEMPORARY_CSF_TESTS | Timed Up and Go | Clinical response after trial CSF removal / shunt outcome where reported | Short after drainage; shunt follow-up varied | Sensitivity | Study-specific change threshold,Timed Up and Go,Clinical response after trial CSF removal / shunt outcome where reported,Short after drainage; shunt follow-up varied,Sensitivity,Study-specific change threshold,SYSTEMATIC_REVIEW_COMPONENT,SUPPORTING_CONCORDANCE_ONLY,False,False,True,True,True,LOW,INCOMPLETE_OR_PLACEHOLDER,29,NÃO EXTRAÍVEL,NÃO EXTRAÍVEL,12 September 2017,2018,Eligible supporting estimate; not selected after matched-cell adjudication and retained only for direction/concordance.,"1 exclude own-cohort/hybrid estimates; 2 require exact predictor-outcome-time-measure-threshold microcell; 3 prefer complete paired/interval reporting; 4 prefer lower ROBIS and usable primary-study lists/overlap data; 5 prefer larger evidence base, then more recent search; 6 resolve ties by two-reviewer adjudication; magnitude/direction never used"
FE-0085,FT-038,TEMPORARY_CSF_TESTS,TEMPORARY_CSF_TESTS | Timed Up and Go | Clinical response after trial CSF removal / shunt outcome where reported | Short after drainage; shunt follow-up varied | Specificity | Study-specific change threshold,Timed Up and Go,Clinical response after trial CSF removal / shunt outcome where reported,Short after drainage; shunt follow-up varied,Specificity,Study-specific change threshold,SYSTEMATIC_REVIEW_COMPONENT,SUPPORTING_CONCORDANCE_ONLY,False,False,True,True,True,LOW,INCOMPLETE_OR_PLACEHOLDER,29,NÃO EXTRAÍVEL,NÃO EXTRAÍVEL,12 September 2017,2018,Eligible supporting estimate; not selected after matched-cell adjudication and retained only for direction/concordance.,"1 exclude own-cohort/hybrid estimates; 2 require exact predictor-outcome-time-measure-threshold microcell; 3 prefer complete paired/interval reporting; 4 prefer lower ROBIS and usable primary-study lists/overlap data; 5 prefer larger evidence base, then more recent search; 6 resolve ties by two-reviewer adjudication; magnitude/direction never used"
FE-0080,FT-038,TEMPORARY_CSF_TESTS,TEMPORARY_CSF_TESTS | Video-recorded gait assessment | Clinical response after trial CSF removal / shunt outcome where reported | Short after drainage; shunt follow-up varied | Sensitivity | Study-specific change threshold,Video-recorded gait assessment,Clinical response after trial CSF removal / shunt outcome where reported,Short after drainage; shunt follow-up varied,Sensitivity,Study-specific change threshold,SYSTEMATIC_REVIEW_COMPONENT,SUPPORTING_CONCORDANCE_ONLY,False,False,True,True,True,LOW,INCOMPLETE_OR_PLACEHOLDER,29,NÃO EXTRAÍVEL,NÃO EXTRAÍVEL,12 September 2017,2018,Eligible supporting estimate; not selected after matched-cell adjudication and retained only for direction/concordance.,"1 exclude own-cohort/hybrid estimates; 2 require exact predictor-outcome-time-measure-threshold microcell; 3 prefer complete paired/interval reporting; 4 prefer lower ROBIS and usable primary-study lists/overlap data; 5 prefer larger evidence base, then more recent search; 6 resolve ties by two-reviewer adjudication; magnitude/direction never used"
FE-0081,FT-038,TEMPORARY_CSF_TESTS,TEMPORARY_CSF_TESTS | Video-recorded gait assessment | Clinical response after trial CSF removal / shunt outcome where reported | Short after drainage; shunt follow-up varied | Specificity | Study-specific change threshold,Video-recorded gait assessment,Clinical response after trial CSF removal / shunt outcome where reported,Short after drainage; shunt follow-up varied,Specificity,Study-specific change threshold,SYSTEMATIC_REVIEW_COMPONENT,SUPPORTING_CONCORDANCE_ONLY,False,False,True,True,True,LOW,INCOMPLETE_OR_PLACEHOLDER,29,NÃO EXTRAÍVEL,NÃO EXTRAÍVEL,12 September 2017,2018,Eligible supporting estimate; not selected after matched-cell adjudication and retained only for direction/concordance.,"1 exclude own-cohort/hybrid estimates; 2 require exact predictor-outcome-time-measure-threshold microcell; 3 prefer complete paired/interval reporting; 4 prefer lower ROBIS and usable primary-study lists/overlap data; 5 prefer larger evidence base, then more recent search; 6 resolve ties by two-reviewer adjudication; magnitude/direction never used"
