scenario,microcell_id,analysis_cell,anchor_review,retained,status,rule
main,COGNITIVE_CHANGE | Shunt surgery | Any cognitive improvement | Post-shunt; varied | Pooled proportion (%) | NA,COGNITIVE_CHANGE,FT-002,True,ANCHOR_RETAINED,"No alternative review is substituted unless it matches the same predictor, outcome, time, measure, and threshold."
main,COGNITIVE_CHANGE | Shunt surgery | Objectively defined cognitive improvement | Post-shunt; varied | Pooled proportion (%) | NA,COGNITIVE_CHANGE,FT-002,True,ANCHOR_RETAINED,"No alternative review is substituted unless it matches the same predictor, outcome, time, measure, and threshold."
main,COMPLEX_PHENOTYPE | Complex vs pure iNPH phenotype | Global shunt response | Varied follow-up | OR | NA,COMPLEX_PHENOTYPE,FT-003,True,ANCHOR_RETAINED,"No alternative review is substituted unless it matches the same predictor, outcome, time, measure, and threshold."
main,COMPLEX_PHENOTYPE | Complex vs pure iNPH phenotype | Urinary improvement | Mean ~4 months / varied | OR | NA,COMPLEX_PHENOTYPE,FT-003,True,ANCHOR_RETAINED,"No alternative review is substituted unless it matches the same predictor, outcome, time, measure, and threshold."
main,COMPLEX_PHENOTYPE | Complex iNPH; within-group pre-post | Post-shunt Cognition | Varied | SMCR | NA,COMPLEX_PHENOTYPE,FT-003,True,ANCHOR_RETAINED,"No alternative review is substituted unless it matches the same predictor, outcome, time, measure, and threshold."
main,COMPLEX_PHENOTYPE | Complex iNPH; within-group pre-post | Post-shunt Gait | Varied | SMCR | NA,COMPLEX_PHENOTYPE,FT-003,True,ANCHOR_RETAINED,"No alternative review is substituted unless it matches the same predictor, outcome, time, measure, and threshold."
main,COMPLEX_PHENOTYPE | Complex iNPH; within-group pre-post | Post-shunt General function | Varied | SMCR | NA,COMPLEX_PHENOTYPE,FT-003,True,ANCHOR_RETAINED,"No alternative review is substituted unless it matches the same predictor, outcome, time, measure, and threshold."
main,COMPLEX_PHENOTYPE | Complex iNPH; within-group pre-post | Post-shunt Incontinence | Varied | SMCR | NA,COMPLEX_PHENOTYPE,FT-003,True,ANCHOR_RETAINED,"No alternative review is substituted unless it matches the same predictor, outcome, time, measure, and threshold."
main,COMPLEX_PHENOTYPE | Complex minus pure iNPH phenotype | Difference in post-shunt Cognition change | Varied | Difference in SMCR | NA,COMPLEX_PHENOTYPE,FT-003,True,ANCHOR_RETAINED,"No alternative review is substituted unless it matches the same predictor, outcome, time, measure, and threshold."
main,COMPLEX_PHENOTYPE | Complex minus pure iNPH phenotype | Difference in post-shunt Gait change | Varied | Difference in SMCR | NA,COMPLEX_PHENOTYPE,FT-003,True,ANCHOR_RETAINED,"No alternative review is substituted unless it matches the same predictor, outcome, time, measure, and threshold."
main,COMPLEX_PHENOTYPE | Complex minus pure iNPH phenotype | Difference in post-shunt General function change | Varied | Difference in SMCR | NA,COMPLEX_PHENOTYPE,FT-003,True,ANCHOR_RETAINED,"No alternative review is substituted unless it matches the same predictor, outcome, time, measure, and threshold."
main,COMPLEX_PHENOTYPE | Complex minus pure iNPH phenotype | Difference in post-shunt Incontinence change | Varied | Difference in SMCR | NA,COMPLEX_PHENOTYPE,FT-003,True,ANCHOR_RETAINED,"No alternative review is substituted unless it matches the same predictor, outcome, time, measure, and threshold."
main,COMPLEX_PHENOTYPE | Phenotype × follow-up time | Incontinence trajectory | Months | Meta-regression beta (SMCR/month) | NA,COMPLEX_PHENOTYPE,FT-003,True,ANCHOR_RETAINED,"No alternative review is substituted unless it matches the same predictor, outcome, time, measure, and threshold."
main,ROUT_THRESHOLDS | Lumbar infusion test—Rout | Shunt response | 3–12 months | Sensitivity | Rout >12 mmHg/mL/min,ROUT_THRESHOLDS,FT-010,True,ANCHOR_RETAINED,"No alternative review is substituted unless it matches the same predictor, outcome, time, measure, and threshold."
main,ROUT_THRESHOLDS | Lumbar infusion test—Rout | Shunt response | 3–12 months | Specificity | Rout >12 mmHg/mL/min,ROUT_THRESHOLDS,FT-010,True,ANCHOR_RETAINED,"No alternative review is substituted unless it matches the same predictor, outcome, time, measure, and threshold."
main,ROUT_THRESHOLDS | Lumbar infusion test—Rout | Shunt nonresponse | 3–12 months | NPV at 65% response prevalence | Rout >12 mmHg/mL/min,ROUT_THRESHOLDS,FT-010,True,ANCHOR_RETAINED,"No alternative review is substituted unless it matches the same predictor, outcome, time, measure, and threshold."
main,ROUT_THRESHOLDS | Lumbar infusion test—Rout | Shunt response | 3–12 months | Sensitivity | Rout >14 mmHg/mL/min,ROUT_THRESHOLDS,FT-010,True,ANCHOR_RETAINED,"No alternative review is substituted unless it matches the same predictor, outcome, time, measure, and threshold."
main,ROUT_THRESHOLDS | Lumbar infusion test—Rout | Shunt response | 3–12 months | Specificity | Rout >14 mmHg/mL/min,ROUT_THRESHOLDS,FT-010,True,ANCHOR_RETAINED,"No alternative review is substituted unless it matches the same predictor, outcome, time, measure, and threshold."
main,ROUT_THRESHOLDS | Lumbar infusion test—Rout | Shunt nonresponse | 3–12 months | NPV at 65% response prevalence | Rout >14 mmHg/mL/min,ROUT_THRESHOLDS,FT-010,True,ANCHOR_RETAINED,"No alternative review is substituted unless it matches the same predictor, outcome, time, measure, and threshold."
main,ROUT_THRESHOLDS | Lumbar infusion test—Rout | Shunt response | 3–12 months | Sensitivity | Rout >18 mmHg/mL/min,ROUT_THRESHOLDS,FT-010,True,ANCHOR_RETAINED,"No alternative review is substituted unless it matches the same predictor, outcome, time, measure, and threshold."
main,ROUT_THRESHOLDS | Lumbar infusion test—Rout | Shunt response | 3–12 months | Specificity | Rout >18 mmHg/mL/min,ROUT_THRESHOLDS,FT-010,True,ANCHOR_RETAINED,"No alternative review is substituted unless it matches the same predictor, outcome, time, measure, and threshold."
main,ROUT_THRESHOLDS | Lumbar infusion test—Rout | Shunt nonresponse | 3–12 months | NPV at 65% response prevalence | Rout >18 mmHg/mL/min,ROUT_THRESHOLDS,FT-010,True,ANCHOR_RETAINED,"No alternative review is substituted unless it matches the same predictor, outcome, time, measure, and threshold."
main,TAP_TEST_DTA | CSF tap test | Post-shunt clinical response | Varied | Sensitivity | Study-specific,TAP_TEST_DTA,FT-012,True,ANCHOR_RETAINED,"No alternative review is substituted unless it matches the same predictor, outcome, time, measure, and threshold."
main,TAP_TEST_DTA | CSF tap test | Post-shunt clinical response | Varied | Specificity | Study-specific,TAP_TEST_DTA,FT-012,True,ANCHOR_RETAINED,"No alternative review is substituted unless it matches the same predictor, outcome, time, measure, and threshold."
main,LIT_DTA | Lumbar infusion test | Post-shunt clinical response | Varied | Sensitivity | Study-specific,LIT_DTA,FT-012,True,ANCHOR_RETAINED,"No alternative review is substituted unless it matches the same predictor, outcome, time, measure, and threshold."
main,LIT_DTA | Lumbar infusion test | Post-shunt clinical response | Varied | Specificity | Study-specific,LIT_DTA,FT-012,True,ANCHOR_RETAINED,"No alternative review is substituted unless it matches the same predictor, outcome, time, measure, and threshold."
main,STRUCTURAL_IMAGING | Callosal angle | Shunt responder vs nonresponder | Varied | DOR | Study-specific,STRUCTURAL_IMAGING,FT-028,True,ANCHOR_RETAINED,"No alternative review is substituted unless it matches the same predictor, outcome, time, measure, and threshold."
main,STRUCTURAL_IMAGING | Periventricular white matter changes | Shunt responder vs nonresponder | Varied | DOR | Study-specific,STRUCTURAL_IMAGING,FT-028,True,ANCHOR_RETAINED,"No alternative review is substituted unless it matches the same predictor, outcome, time, measure, and threshold."
main,STRUCTURAL_IMAGING | DESH | Shunt responder vs nonresponder | Varied | Pooled DOR | Study-specific,STRUCTURAL_IMAGING,FT-028,True,ANCHOR_RETAINED,"No alternative review is substituted unless it matches the same predictor, outcome, time, measure, and threshold."
main,STRUCTURAL_IMAGING | CT cisternography | Shunt responder vs nonresponder | Varied | Pooled DOR | Study-specific,STRUCTURAL_IMAGING,FT-028,True,ANCHOR_RETAINED,"No alternative review is substituted unless it matches the same predictor, outcome, time, measure, and threshold."
main,STRUCTURAL_IMAGING | Cerebral blood flow | Shunt responder vs nonresponder | Varied | Pooled DOR | Study-specific,STRUCTURAL_IMAGING,FT-028,True,ANCHOR_RETAINED,"No alternative review is substituted unless it matches the same predictor, outcome, time, measure, and threshold."
main,BIOMARKERS | CSF phosphorylated tau | Shunt responder vs nonresponder | Varied | SMD | Continuous biomarker,BIOMARKERS,FT-030,True,ANCHOR_RETAINED,"No alternative review is substituted unless it matches the same predictor, outcome, time, measure, and threshold."
main,BIOMARKERS | CSF total tau | Shunt responder vs nonresponder | Varied | SMD | Continuous biomarker,BIOMARKERS,FT-030,True,ANCHOR_RETAINED,"No alternative review is substituted unless it matches the same predictor, outcome, time, measure, and threshold."
main,BIOMARKERS | CSF amyloid-β42 | Shunt responder vs nonresponder | Varied | SMD | Continuous biomarker,BIOMARKERS,FT-030,True,ANCHOR_RETAINED,"No alternative review is substituted unless it matches the same predictor, outcome, time, measure, and threshold."
main,COMPARATIVE_PROGNOSTIC_TESTS | Intracranial pressure monitoring | Shunt response | Varied | DOR | Study-specific,COMPARATIVE_PROGNOSTIC_TESTS,FT-031,True,ANCHOR_RETAINED,"No alternative review is substituted unless it matches the same predictor, outcome, time, measure, and threshold."
main,COMPARATIVE_PROGNOSTIC_TESTS | Intracranial pressure monitoring | Shunt response | Varied | AUC | Study-specific,COMPARATIVE_PROGNOSTIC_TESTS,FT-031,True,ANCHOR_RETAINED,"No alternative review is substituted unless it matches the same predictor, outcome, time, measure, and threshold."
main,COMPARATIVE_PROGNOSTIC_TESTS | Extended lumbar drainage | Shunt response | Varied | DOR | Study-specific,COMPARATIVE_PROGNOSTIC_TESTS,FT-031,True,ANCHOR_RETAINED,"No alternative review is substituted unless it matches the same predictor, outcome, time, measure, and threshold."
main,COMPARATIVE_PROGNOSTIC_TESTS | Extended lumbar drainage | Shunt response | Varied | AUC | Study-specific,COMPARATIVE_PROGNOSTIC_TESTS,FT-031,True,ANCHOR_RETAINED,"No alternative review is substituted unless it matches the same predictor, outcome, time, measure, and threshold."
main,COMPARATIVE_PROGNOSTIC_TESTS | Infusion test | Shunt response | Varied | DOR | Study-specific,COMPARATIVE_PROGNOSTIC_TESTS,FT-031,True,ANCHOR_RETAINED,"No alternative review is substituted unless it matches the same predictor, outcome, time, measure, and threshold."
main,COMPARATIVE_PROGNOSTIC_TESTS | Infusion test | Shunt response | Varied | AUC | Study-specific,COMPARATIVE_PROGNOSTIC_TESTS,FT-031,True,ANCHOR_RETAINED,"No alternative review is substituted unless it matches the same predictor, outcome, time, measure, and threshold."
main,COMPARATIVE_PROGNOSTIC_TESTS | Tap test | Shunt response | Varied | DOR | Study-specific,COMPARATIVE_PROGNOSTIC_TESTS,FT-031,True,ANCHOR_RETAINED,"No alternative review is substituted unless it matches the same predictor, outcome, time, measure, and threshold."
main,COMPARATIVE_PROGNOSTIC_TESTS | Tap test | Shunt response | Varied | AUC | Study-specific,COMPARATIVE_PROGNOSTIC_TESTS,FT-031,True,ANCHOR_RETAINED,"No alternative review is substituted unless it matches the same predictor, outcome, time, measure, and threshold."
main,ELD_DTA | Extended lumbar drainage | Post-shunt response | Varied | Sensitivity | Study-specific ELD response,ELD_DTA,FT-036,True,ANCHOR_RETAINED,"No alternative review is substituted unless it matches the same predictor, outcome, time, measure, and threshold."
main,ELD_DTA | Extended lumbar drainage | Post-shunt response | Varied | Specificity | Study-specific ELD response,ELD_DTA,FT-036,True,ANCHOR_RETAINED,"No alternative review is substituted unless it matches the same predictor, outcome, time, measure, and threshold."
main,ELD_DTA | Extended lumbar drainage | Post-shunt response | Varied | PPV | Study-specific ELD response,ELD_DTA,FT-036,True,ANCHOR_RETAINED,"No alternative review is substituted unless it matches the same predictor, outcome, time, measure, and threshold."
main,ELD_DTA | Extended lumbar drainage | Post-shunt response | Varied | NPV | Study-specific ELD response,ELD_DTA,FT-036,True,ANCHOR_RETAINED,"No alternative review is substituted unless it matches the same predictor, outcome, time, measure, and threshold."
main,COGNITIVE_CHANGE | Digit Span backward | Post-shunt mean change | Post-shunt; varied | MD | NR,COGNITIVE_CHANGE,FT-002,True,ANCHOR_RETAINED,"No alternative review is substituted unless it matches the same predictor, outcome, time, measure, and threshold."
main,COGNITIVE_CHANGE | Frontal Assessment Battery | Post-shunt mean change | Post-shunt; varied | MD | NR,COGNITIVE_CHANGE,FT-002,True,ANCHOR_RETAINED,"No alternative review is substituted unless it matches the same predictor, outcome, time, measure, and threshold."
main,COGNITIVE_CHANGE | Trail Making Test B | Post-shunt mean change | Post-shunt; varied | MD | NR,COGNITIVE_CHANGE,FT-002,True,ANCHOR_RETAINED,"No alternative review is substituted unless it matches the same predictor, outcome, time, measure, and threshold."
main,COGNITIVE_CHANGE | Grooved Pegboard dominant | Post-shunt mean change | Post-shunt; varied | MD | NR,COGNITIVE_CHANGE,FT-002,True,ANCHOR_RETAINED,"No alternative review is substituted unless it matches the same predictor, outcome, time, measure, and threshold."
main,COGNITIVE_CHANGE | Trail Making Test A | Post-shunt mean change | Post-shunt; varied | MD | NR,COGNITIVE_CHANGE,FT-002,True,ANCHOR_RETAINED,"No alternative review is substituted unless it matches the same predictor, outcome, time, measure, and threshold."
main,COGNITIVE_CHANGE | RAVLT learning | Post-shunt mean change | Post-shunt; varied | MD | NR,COGNITIVE_CHANGE,FT-002,True,ANCHOR_RETAINED,"No alternative review is substituted unless it matches the same predictor, outcome, time, measure, and threshold."
main,COGNITIVE_CHANGE | RAVLT delayed | Post-shunt mean change | Post-shunt; varied | MD | NR,COGNITIVE_CHANGE,FT-002,True,ANCHOR_RETAINED,"No alternative review is substituted unless it matches the same predictor, outcome, time, measure, and threshold."
main,COGNITIVE_CHANGE | MoCA | Post-shunt mean change | Post-shunt; varied | MD | NR,COGNITIVE_CHANGE,FT-002,True,ANCHOR_RETAINED,"No alternative review is substituted unless it matches the same predictor, outcome, time, measure, and threshold."
main,COGNITIVE_CHANGE | MMSE | Post-shunt mean change | Post-shunt; varied | MD | NR,COGNITIVE_CHANGE,FT-002,True,ANCHOR_RETAINED,"No alternative review is substituted unless it matches the same predictor, outcome, time, measure, and threshold."
main,SURVIVAL | Poor vs good gait score | Overall survival | Long-term post-shunt | HR | NR,SURVIVAL,FT-019,True,ANCHOR_RETAINED,"No alternative review is substituted unless it matches the same predictor, outcome, time, measure, and threshold."
main,SURVIVAL | Poor vs good continence score | Overall survival | Long-term post-shunt | HR | NR,SURVIVAL,FT-019,True,ANCHOR_RETAINED,"No alternative review is substituted unless it matches the same predictor, outcome, time, measure, and threshold."
main,SURVIVAL | mRS ≥3 vs 0–2 | Overall survival | Long-term post-shunt | HR | NR,SURVIVAL,FT-019,True,ANCHOR_RETAINED,"No alternative review is substituted unless it matches the same predictor, outcome, time, measure, and threshold."
main,SURVIVAL | All shunted NPH | Median survival | Long-term post-shunt | Median | NR,SURVIVAL,FT-019,True,ANCHOR_RETAINED,"No alternative review is substituted unless it matches the same predictor, outcome, time, measure, and threshold."
main,GAIT_CHANGE | Tap responders | Gait velocity after tap | After CSF tap test | Hedges g | NR,GAIT_CHANGE,FT-024,True,ANCHOR_RETAINED,"No alternative review is substituted unless it matches the same predictor, outcome, time, measure, and threshold."
main,STRUCTURAL_IMAGING | DESH | Sensitivity | Varied | Sensitivity | NR,STRUCTURAL_IMAGING,FT-032,True,ANCHOR_RETAINED,"No alternative review is substituted unless it matches the same predictor, outcome, time, measure, and threshold."
main,STRUCTURAL_IMAGING | DESH | Specificity | Varied | Specificity | NR,STRUCTURAL_IMAGING,FT-032,True,ANCHOR_RETAINED,"No alternative review is substituted unless it matches the same predictor, outcome, time, measure, and threshold."
main,STRUCTURAL_IMAGING | DESH | Discrimination | Varied | AUC | NR,STRUCTURAL_IMAGING,FT-032,True,ANCHOR_RETAINED,"No alternative review is substituted unless it matches the same predictor, outcome, time, measure, and threshold."
main,STRUCTURAL_IMAGING | DESH | Prevalence in iNPH | Varied | Proportion | NR,STRUCTURAL_IMAGING,FT-032,True,ANCHOR_RETAINED,"No alternative review is substituted unless it matches the same predictor, outcome, time, measure, and threshold."
exclude_ft012_single_anchor_robustness,COGNITIVE_CHANGE | Shunt surgery | Any cognitive improvement | Post-shunt; varied | Pooled proportion (%) | NA,COGNITIVE_CHANGE,FT-002,True,ANCHOR_RETAINED,"No alternative review is substituted unless it matches the same predictor, outcome, time, measure, and threshold."
exclude_ft012_single_anchor_robustness,COGNITIVE_CHANGE | Shunt surgery | Objectively defined cognitive improvement | Post-shunt; varied | Pooled proportion (%) | NA,COGNITIVE_CHANGE,FT-002,True,ANCHOR_RETAINED,"No alternative review is substituted unless it matches the same predictor, outcome, time, measure, and threshold."
exclude_ft012_single_anchor_robustness,COMPLEX_PHENOTYPE | Complex vs pure iNPH phenotype | Global shunt response | Varied follow-up | OR | NA,COMPLEX_PHENOTYPE,FT-003,True,ANCHOR_RETAINED,"No alternative review is substituted unless it matches the same predictor, outcome, time, measure, and threshold."
exclude_ft012_single_anchor_robustness,COMPLEX_PHENOTYPE | Complex vs pure iNPH phenotype | Urinary improvement | Mean ~4 months / varied | OR | NA,COMPLEX_PHENOTYPE,FT-003,True,ANCHOR_RETAINED,"No alternative review is substituted unless it matches the same predictor, outcome, time, measure, and threshold."
exclude_ft012_single_anchor_robustness,COMPLEX_PHENOTYPE | Complex iNPH; within-group pre-post | Post-shunt Cognition | Varied | SMCR | NA,COMPLEX_PHENOTYPE,FT-003,True,ANCHOR_RETAINED,"No alternative review is substituted unless it matches the same predictor, outcome, time, measure, and threshold."
exclude_ft012_single_anchor_robustness,COMPLEX_PHENOTYPE | Complex iNPH; within-group pre-post | Post-shunt Gait | Varied | SMCR | NA,COMPLEX_PHENOTYPE,FT-003,True,ANCHOR_RETAINED,"No alternative review is substituted unless it matches the same predictor, outcome, time, measure, and threshold."
exclude_ft012_single_anchor_robustness,COMPLEX_PHENOTYPE | Complex iNPH; within-group pre-post | Post-shunt General function | Varied | SMCR | NA,COMPLEX_PHENOTYPE,FT-003,True,ANCHOR_RETAINED,"No alternative review is substituted unless it matches the same predictor, outcome, time, measure, and threshold."
exclude_ft012_single_anchor_robustness,COMPLEX_PHENOTYPE | Complex iNPH; within-group pre-post | Post-shunt Incontinence | Varied | SMCR | NA,COMPLEX_PHENOTYPE,FT-003,True,ANCHOR_RETAINED,"No alternative review is substituted unless it matches the same predictor, outcome, time, measure, and threshold."
exclude_ft012_single_anchor_robustness,COMPLEX_PHENOTYPE | Complex minus pure iNPH phenotype | Difference in post-shunt Cognition change | Varied | Difference in SMCR | NA,COMPLEX_PHENOTYPE,FT-003,True,ANCHOR_RETAINED,"No alternative review is substituted unless it matches the same predictor, outcome, time, measure, and threshold."
exclude_ft012_single_anchor_robustness,COMPLEX_PHENOTYPE | Complex minus pure iNPH phenotype | Difference in post-shunt Gait change | Varied | Difference in SMCR | NA,COMPLEX_PHENOTYPE,FT-003,True,ANCHOR_RETAINED,"No alternative review is substituted unless it matches the same predictor, outcome, time, measure, and threshold."
exclude_ft012_single_anchor_robustness,COMPLEX_PHENOTYPE | Complex minus pure iNPH phenotype | Difference in post-shunt General function change | Varied | Difference in SMCR | NA,COMPLEX_PHENOTYPE,FT-003,True,ANCHOR_RETAINED,"No alternative review is substituted unless it matches the same predictor, outcome, time, measure, and threshold."
exclude_ft012_single_anchor_robustness,COMPLEX_PHENOTYPE | Complex minus pure iNPH phenotype | Difference in post-shunt Incontinence change | Varied | Difference in SMCR | NA,COMPLEX_PHENOTYPE,FT-003,True,ANCHOR_RETAINED,"No alternative review is substituted unless it matches the same predictor, outcome, time, measure, and threshold."
exclude_ft012_single_anchor_robustness,COMPLEX_PHENOTYPE | Phenotype × follow-up time | Incontinence trajectory | Months | Meta-regression beta (SMCR/month) | NA,COMPLEX_PHENOTYPE,FT-003,True,ANCHOR_RETAINED,"No alternative review is substituted unless it matches the same predictor, outcome, time, measure, and threshold."
exclude_ft012_single_anchor_robustness,ROUT_THRESHOLDS | Lumbar infusion test—Rout | Shunt response | 3–12 months | Sensitivity | Rout >12 mmHg/mL/min,ROUT_THRESHOLDS,FT-010,True,ANCHOR_RETAINED,"No alternative review is substituted unless it matches the same predictor, outcome, time, measure, and threshold."
exclude_ft012_single_anchor_robustness,ROUT_THRESHOLDS | Lumbar infusion test—Rout | Shunt response | 3–12 months | Specificity | Rout >12 mmHg/mL/min,ROUT_THRESHOLDS,FT-010,True,ANCHOR_RETAINED,"No alternative review is substituted unless it matches the same predictor, outcome, time, measure, and threshold."
exclude_ft012_single_anchor_robustness,ROUT_THRESHOLDS | Lumbar infusion test—Rout | Shunt nonresponse | 3–12 months | NPV at 65% response prevalence | Rout >12 mmHg/mL/min,ROUT_THRESHOLDS,FT-010,True,ANCHOR_RETAINED,"No alternative review is substituted unless it matches the same predictor, outcome, time, measure, and threshold."
exclude_ft012_single_anchor_robustness,ROUT_THRESHOLDS | Lumbar infusion test—Rout | Shunt response | 3–12 months | Sensitivity | Rout >14 mmHg/mL/min,ROUT_THRESHOLDS,FT-010,True,ANCHOR_RETAINED,"No alternative review is substituted unless it matches the same predictor, outcome, time, measure, and threshold."
exclude_ft012_single_anchor_robustness,ROUT_THRESHOLDS | Lumbar infusion test—Rout | Shunt response | 3–12 months | Specificity | Rout >14 mmHg/mL/min,ROUT_THRESHOLDS,FT-010,True,ANCHOR_RETAINED,"No alternative review is substituted unless it matches the same predictor, outcome, time, measure, and threshold."
exclude_ft012_single_anchor_robustness,ROUT_THRESHOLDS | Lumbar infusion test—Rout | Shunt nonresponse | 3–12 months | NPV at 65% response prevalence | Rout >14 mmHg/mL/min,ROUT_THRESHOLDS,FT-010,True,ANCHOR_RETAINED,"No alternative review is substituted unless it matches the same predictor, outcome, time, measure, and threshold."
exclude_ft012_single_anchor_robustness,ROUT_THRESHOLDS | Lumbar infusion test—Rout | Shunt response | 3–12 months | Sensitivity | Rout >18 mmHg/mL/min,ROUT_THRESHOLDS,FT-010,True,ANCHOR_RETAINED,"No alternative review is substituted unless it matches the same predictor, outcome, time, measure, and threshold."
exclude_ft012_single_anchor_robustness,ROUT_THRESHOLDS | Lumbar infusion test—Rout | Shunt response | 3–12 months | Specificity | Rout >18 mmHg/mL/min,ROUT_THRESHOLDS,FT-010,True,ANCHOR_RETAINED,"No alternative review is substituted unless it matches the same predictor, outcome, time, measure, and threshold."
exclude_ft012_single_anchor_robustness,ROUT_THRESHOLDS | Lumbar infusion test—Rout | Shunt nonresponse | 3–12 months | NPV at 65% response prevalence | Rout >18 mmHg/mL/min,ROUT_THRESHOLDS,FT-010,True,ANCHOR_RETAINED,"No alternative review is substituted unless it matches the same predictor, outcome, time, measure, and threshold."
exclude_ft012_single_anchor_robustness,TAP_TEST_DTA | CSF tap test | Post-shunt clinical response | Varied | Sensitivity | Study-specific,TAP_TEST_DTA,FT-012,False,ANCHOR_LOST,"No alternative review is substituted unless it matches the same predictor, outcome, time, measure, and threshold."
exclude_ft012_single_anchor_robustness,TAP_TEST_DTA | CSF tap test | Post-shunt clinical response | Varied | Specificity | Study-specific,TAP_TEST_DTA,FT-012,False,ANCHOR_LOST,"No alternative review is substituted unless it matches the same predictor, outcome, time, measure, and threshold."
exclude_ft012_single_anchor_robustness,LIT_DTA | Lumbar infusion test | Post-shunt clinical response | Varied | Sensitivity | Study-specific,LIT_DTA,FT-012,False,ANCHOR_LOST,"No alternative review is substituted unless it matches the same predictor, outcome, time, measure, and threshold."
exclude_ft012_single_anchor_robustness,LIT_DTA | Lumbar infusion test | Post-shunt clinical response | Varied | Specificity | Study-specific,LIT_DTA,FT-012,False,ANCHOR_LOST,"No alternative review is substituted unless it matches the same predictor, outcome, time, measure, and threshold."
exclude_ft012_single_anchor_robustness,STRUCTURAL_IMAGING | Callosal angle | Shunt responder vs nonresponder | Varied | DOR | Study-specific,STRUCTURAL_IMAGING,FT-028,True,ANCHOR_RETAINED,"No alternative review is substituted unless it matches the same predictor, outcome, time, measure, and threshold."
exclude_ft012_single_anchor_robustness,STRUCTURAL_IMAGING | Periventricular white matter changes | Shunt responder vs nonresponder | Varied | DOR | Study-specific,STRUCTURAL_IMAGING,FT-028,True,ANCHOR_RETAINED,"No alternative review is substituted unless it matches the same predictor, outcome, time, measure, and threshold."
exclude_ft012_single_anchor_robustness,STRUCTURAL_IMAGING | DESH | Shunt responder vs nonresponder | Varied | Pooled DOR | Study-specific,STRUCTURAL_IMAGING,FT-028,True,ANCHOR_RETAINED,"No alternative review is substituted unless it matches the same predictor, outcome, time, measure, and threshold."
exclude_ft012_single_anchor_robustness,STRUCTURAL_IMAGING | CT cisternography | Shunt responder vs nonresponder | Varied | Pooled DOR | Study-specific,STRUCTURAL_IMAGING,FT-028,True,ANCHOR_RETAINED,"No alternative review is substituted unless it matches the same predictor, outcome, time, measure, and threshold."
exclude_ft012_single_anchor_robustness,STRUCTURAL_IMAGING | Cerebral blood flow | Shunt responder vs nonresponder | Varied | Pooled DOR | Study-specific,STRUCTURAL_IMAGING,FT-028,True,ANCHOR_RETAINED,"No alternative review is substituted unless it matches the same predictor, outcome, time, measure, and threshold."
exclude_ft012_single_anchor_robustness,BIOMARKERS | CSF phosphorylated tau | Shunt responder vs nonresponder | Varied | SMD | Continuous biomarker,BIOMARKERS,FT-030,True,ANCHOR_RETAINED,"No alternative review is substituted unless it matches the same predictor, outcome, time, measure, and threshold."
exclude_ft012_single_anchor_robustness,BIOMARKERS | CSF total tau | Shunt responder vs nonresponder | Varied | SMD | Continuous biomarker,BIOMARKERS,FT-030,True,ANCHOR_RETAINED,"No alternative review is substituted unless it matches the same predictor, outcome, time, measure, and threshold."
exclude_ft012_single_anchor_robustness,BIOMARKERS | CSF amyloid-β42 | Shunt responder vs nonresponder | Varied | SMD | Continuous biomarker,BIOMARKERS,FT-030,True,ANCHOR_RETAINED,"No alternative review is substituted unless it matches the same predictor, outcome, time, measure, and threshold."
exclude_ft012_single_anchor_robustness,COMPARATIVE_PROGNOSTIC_TESTS | Intracranial pressure monitoring | Shunt response | Varied | DOR | Study-specific,COMPARATIVE_PROGNOSTIC_TESTS,FT-031,True,ANCHOR_RETAINED,"No alternative review is substituted unless it matches the same predictor, outcome, time, measure, and threshold."
exclude_ft012_single_anchor_robustness,COMPARATIVE_PROGNOSTIC_TESTS | Intracranial pressure monitoring | Shunt response | Varied | AUC | Study-specific,COMPARATIVE_PROGNOSTIC_TESTS,FT-031,True,ANCHOR_RETAINED,"No alternative review is substituted unless it matches the same predictor, outcome, time, measure, and threshold."
exclude_ft012_single_anchor_robustness,COMPARATIVE_PROGNOSTIC_TESTS | Extended lumbar drainage | Shunt response | Varied | DOR | Study-specific,COMPARATIVE_PROGNOSTIC_TESTS,FT-031,True,ANCHOR_RETAINED,"No alternative review is substituted unless it matches the same predictor, outcome, time, measure, and threshold."
exclude_ft012_single_anchor_robustness,COMPARATIVE_PROGNOSTIC_TESTS | Extended lumbar drainage | Shunt response | Varied | AUC | Study-specific,COMPARATIVE_PROGNOSTIC_TESTS,FT-031,True,ANCHOR_RETAINED,"No alternative review is substituted unless it matches the same predictor, outcome, time, measure, and threshold."
exclude_ft012_single_anchor_robustness,COMPARATIVE_PROGNOSTIC_TESTS | Infusion test | Shunt response | Varied | DOR | Study-specific,COMPARATIVE_PROGNOSTIC_TESTS,FT-031,True,ANCHOR_RETAINED,"No alternative review is substituted unless it matches the same predictor, outcome, time, measure, and threshold."
exclude_ft012_single_anchor_robustness,COMPARATIVE_PROGNOSTIC_TESTS | Infusion test | Shunt response | Varied | AUC | Study-specific,COMPARATIVE_PROGNOSTIC_TESTS,FT-031,True,ANCHOR_RETAINED,"No alternative review is substituted unless it matches the same predictor, outcome, time, measure, and threshold."
exclude_ft012_single_anchor_robustness,COMPARATIVE_PROGNOSTIC_TESTS | Tap test | Shunt response | Varied | DOR | Study-specific,COMPARATIVE_PROGNOSTIC_TESTS,FT-031,True,ANCHOR_RETAINED,"No alternative review is substituted unless it matches the same predictor, outcome, time, measure, and threshold."
exclude_ft012_single_anchor_robustness,COMPARATIVE_PROGNOSTIC_TESTS | Tap test | Shunt response | Varied | AUC | Study-specific,COMPARATIVE_PROGNOSTIC_TESTS,FT-031,True,ANCHOR_RETAINED,"No alternative review is substituted unless it matches the same predictor, outcome, time, measure, and threshold."
exclude_ft012_single_anchor_robustness,ELD_DTA | Extended lumbar drainage | Post-shunt response | Varied | Sensitivity | Study-specific ELD response,ELD_DTA,FT-036,True,ANCHOR_RETAINED,"No alternative review is substituted unless it matches the same predictor, outcome, time, measure, and threshold."
exclude_ft012_single_anchor_robustness,ELD_DTA | Extended lumbar drainage | Post-shunt response | Varied | Specificity | Study-specific ELD response,ELD_DTA,FT-036,True,ANCHOR_RETAINED,"No alternative review is substituted unless it matches the same predictor, outcome, time, measure, and threshold."
exclude_ft012_single_anchor_robustness,ELD_DTA | Extended lumbar drainage | Post-shunt response | Varied | PPV | Study-specific ELD response,ELD_DTA,FT-036,True,ANCHOR_RETAINED,"No alternative review is substituted unless it matches the same predictor, outcome, time, measure, and threshold."
exclude_ft012_single_anchor_robustness,ELD_DTA | Extended lumbar drainage | Post-shunt response | Varied | NPV | Study-specific ELD response,ELD_DTA,FT-036,True,ANCHOR_RETAINED,"No alternative review is substituted unless it matches the same predictor, outcome, time, measure, and threshold."
exclude_ft012_single_anchor_robustness,COGNITIVE_CHANGE | Digit Span backward | Post-shunt mean change | Post-shunt; varied | MD | NR,COGNITIVE_CHANGE,FT-002,True,ANCHOR_RETAINED,"No alternative review is substituted unless it matches the same predictor, outcome, time, measure, and threshold."
exclude_ft012_single_anchor_robustness,COGNITIVE_CHANGE | Frontal Assessment Battery | Post-shunt mean change | Post-shunt; varied | MD | NR,COGNITIVE_CHANGE,FT-002,True,ANCHOR_RETAINED,"No alternative review is substituted unless it matches the same predictor, outcome, time, measure, and threshold."
exclude_ft012_single_anchor_robustness,COGNITIVE_CHANGE | Trail Making Test B | Post-shunt mean change | Post-shunt; varied | MD | NR,COGNITIVE_CHANGE,FT-002,True,ANCHOR_RETAINED,"No alternative review is substituted unless it matches the same predictor, outcome, time, measure, and threshold."
exclude_ft012_single_anchor_robustness,COGNITIVE_CHANGE | Grooved Pegboard dominant | Post-shunt mean change | Post-shunt; varied | MD | NR,COGNITIVE_CHANGE,FT-002,True,ANCHOR_RETAINED,"No alternative review is substituted unless it matches the same predictor, outcome, time, measure, and threshold."
exclude_ft012_single_anchor_robustness,COGNITIVE_CHANGE | Trail Making Test A | Post-shunt mean change | Post-shunt; varied | MD | NR,COGNITIVE_CHANGE,FT-002,True,ANCHOR_RETAINED,"No alternative review is substituted unless it matches the same predictor, outcome, time, measure, and threshold."
exclude_ft012_single_anchor_robustness,COGNITIVE_CHANGE | RAVLT learning | Post-shunt mean change | Post-shunt; varied | MD | NR,COGNITIVE_CHANGE,FT-002,True,ANCHOR_RETAINED,"No alternative review is substituted unless it matches the same predictor, outcome, time, measure, and threshold."
exclude_ft012_single_anchor_robustness,COGNITIVE_CHANGE | RAVLT delayed | Post-shunt mean change | Post-shunt; varied | MD | NR,COGNITIVE_CHANGE,FT-002,True,ANCHOR_RETAINED,"No alternative review is substituted unless it matches the same predictor, outcome, time, measure, and threshold."
exclude_ft012_single_anchor_robustness,COGNITIVE_CHANGE | MoCA | Post-shunt mean change | Post-shunt; varied | MD | NR,COGNITIVE_CHANGE,FT-002,True,ANCHOR_RETAINED,"No alternative review is substituted unless it matches the same predictor, outcome, time, measure, and threshold."
exclude_ft012_single_anchor_robustness,COGNITIVE_CHANGE | MMSE | Post-shunt mean change | Post-shunt; varied | MD | NR,COGNITIVE_CHANGE,FT-002,True,ANCHOR_RETAINED,"No alternative review is substituted unless it matches the same predictor, outcome, time, measure, and threshold."
exclude_ft012_single_anchor_robustness,SURVIVAL | Poor vs good gait score | Overall survival | Long-term post-shunt | HR | NR,SURVIVAL,FT-019,True,ANCHOR_RETAINED,"No alternative review is substituted unless it matches the same predictor, outcome, time, measure, and threshold."
exclude_ft012_single_anchor_robustness,SURVIVAL | Poor vs good continence score | Overall survival | Long-term post-shunt | HR | NR,SURVIVAL,FT-019,True,ANCHOR_RETAINED,"No alternative review is substituted unless it matches the same predictor, outcome, time, measure, and threshold."
exclude_ft012_single_anchor_robustness,SURVIVAL | mRS ≥3 vs 0–2 | Overall survival | Long-term post-shunt | HR | NR,SURVIVAL,FT-019,True,ANCHOR_RETAINED,"No alternative review is substituted unless it matches the same predictor, outcome, time, measure, and threshold."
exclude_ft012_single_anchor_robustness,SURVIVAL | All shunted NPH | Median survival | Long-term post-shunt | Median | NR,SURVIVAL,FT-019,True,ANCHOR_RETAINED,"No alternative review is substituted unless it matches the same predictor, outcome, time, measure, and threshold."
exclude_ft012_single_anchor_robustness,GAIT_CHANGE | Tap responders | Gait velocity after tap | After CSF tap test | Hedges g | NR,GAIT_CHANGE,FT-024,True,ANCHOR_RETAINED,"No alternative review is substituted unless it matches the same predictor, outcome, time, measure, and threshold."
exclude_ft012_single_anchor_robustness,STRUCTURAL_IMAGING | DESH | Sensitivity | Varied | Sensitivity | NR,STRUCTURAL_IMAGING,FT-032,True,ANCHOR_RETAINED,"No alternative review is substituted unless it matches the same predictor, outcome, time, measure, and threshold."
exclude_ft012_single_anchor_robustness,STRUCTURAL_IMAGING | DESH | Specificity | Varied | Specificity | NR,STRUCTURAL_IMAGING,FT-032,True,ANCHOR_RETAINED,"No alternative review is substituted unless it matches the same predictor, outcome, time, measure, and threshold."
exclude_ft012_single_anchor_robustness,STRUCTURAL_IMAGING | DESH | Discrimination | Varied | AUC | NR,STRUCTURAL_IMAGING,FT-032,True,ANCHOR_RETAINED,"No alternative review is substituted unless it matches the same predictor, outcome, time, measure, and threshold."
exclude_ft012_single_anchor_robustness,STRUCTURAL_IMAGING | DESH | Prevalence in iNPH | Varied | Proportion | NR,STRUCTURAL_IMAGING,FT-032,True,ANCHOR_RETAINED,"No alternative review is substituted unless it matches the same predictor, outcome, time, measure, and threshold."
exclude_ft003_author_conflict,COGNITIVE_CHANGE | Shunt surgery | Any cognitive improvement | Post-shunt; varied | Pooled proportion (%) | NA,COGNITIVE_CHANGE,FT-002,True,ANCHOR_RETAINED,"No alternative review is substituted unless it matches the same predictor, outcome, time, measure, and threshold."
exclude_ft003_author_conflict,COGNITIVE_CHANGE | Shunt surgery | Objectively defined cognitive improvement | Post-shunt; varied | Pooled proportion (%) | NA,COGNITIVE_CHANGE,FT-002,True,ANCHOR_RETAINED,"No alternative review is substituted unless it matches the same predictor, outcome, time, measure, and threshold."
exclude_ft003_author_conflict,COMPLEX_PHENOTYPE | Complex vs pure iNPH phenotype | Global shunt response | Varied follow-up | OR | NA,COMPLEX_PHENOTYPE,FT-003,False,ANCHOR_LOST,"No alternative review is substituted unless it matches the same predictor, outcome, time, measure, and threshold."
exclude_ft003_author_conflict,COMPLEX_PHENOTYPE | Complex vs pure iNPH phenotype | Urinary improvement | Mean ~4 months / varied | OR | NA,COMPLEX_PHENOTYPE,FT-003,False,ANCHOR_LOST,"No alternative review is substituted unless it matches the same predictor, outcome, time, measure, and threshold."
exclude_ft003_author_conflict,COMPLEX_PHENOTYPE | Complex iNPH; within-group pre-post | Post-shunt Cognition | Varied | SMCR | NA,COMPLEX_PHENOTYPE,FT-003,False,ANCHOR_LOST,"No alternative review is substituted unless it matches the same predictor, outcome, time, measure, and threshold."
exclude_ft003_author_conflict,COMPLEX_PHENOTYPE | Complex iNPH; within-group pre-post | Post-shunt Gait | Varied | SMCR | NA,COMPLEX_PHENOTYPE,FT-003,False,ANCHOR_LOST,"No alternative review is substituted unless it matches the same predictor, outcome, time, measure, and threshold."
exclude_ft003_author_conflict,COMPLEX_PHENOTYPE | Complex iNPH; within-group pre-post | Post-shunt General function | Varied | SMCR | NA,COMPLEX_PHENOTYPE,FT-003,False,ANCHOR_LOST,"No alternative review is substituted unless it matches the same predictor, outcome, time, measure, and threshold."
exclude_ft003_author_conflict,COMPLEX_PHENOTYPE | Complex iNPH; within-group pre-post | Post-shunt Incontinence | Varied | SMCR | NA,COMPLEX_PHENOTYPE,FT-003,False,ANCHOR_LOST,"No alternative review is substituted unless it matches the same predictor, outcome, time, measure, and threshold."
exclude_ft003_author_conflict,COMPLEX_PHENOTYPE | Complex minus pure iNPH phenotype | Difference in post-shunt Cognition change | Varied | Difference in SMCR | NA,COMPLEX_PHENOTYPE,FT-003,False,ANCHOR_LOST,"No alternative review is substituted unless it matches the same predictor, outcome, time, measure, and threshold."
exclude_ft003_author_conflict,COMPLEX_PHENOTYPE | Complex minus pure iNPH phenotype | Difference in post-shunt Gait change | Varied | Difference in SMCR | NA,COMPLEX_PHENOTYPE,FT-003,False,ANCHOR_LOST,"No alternative review is substituted unless it matches the same predictor, outcome, time, measure, and threshold."
exclude_ft003_author_conflict,COMPLEX_PHENOTYPE | Complex minus pure iNPH phenotype | Difference in post-shunt General function change | Varied | Difference in SMCR | NA,COMPLEX_PHENOTYPE,FT-003,False,ANCHOR_LOST,"No alternative review is substituted unless it matches the same predictor, outcome, time, measure, and threshold."
exclude_ft003_author_conflict,COMPLEX_PHENOTYPE | Complex minus pure iNPH phenotype | Difference in post-shunt Incontinence change | Varied | Difference in SMCR | NA,COMPLEX_PHENOTYPE,FT-003,False,ANCHOR_LOST,"No alternative review is substituted unless it matches the same predictor, outcome, time, measure, and threshold."
exclude_ft003_author_conflict,COMPLEX_PHENOTYPE | Phenotype × follow-up time | Incontinence trajectory | Months | Meta-regression beta (SMCR/month) | NA,COMPLEX_PHENOTYPE,FT-003,False,ANCHOR_LOST,"No alternative review is substituted unless it matches the same predictor, outcome, time, measure, and threshold."
exclude_ft003_author_conflict,ROUT_THRESHOLDS | Lumbar infusion test—Rout | Shunt response | 3–12 months | Sensitivity | Rout >12 mmHg/mL/min,ROUT_THRESHOLDS,FT-010,True,ANCHOR_RETAINED,"No alternative review is substituted unless it matches the same predictor, outcome, time, measure, and threshold."
exclude_ft003_author_conflict,ROUT_THRESHOLDS | Lumbar infusion test—Rout | Shunt response | 3–12 months | Specificity | Rout >12 mmHg/mL/min,ROUT_THRESHOLDS,FT-010,True,ANCHOR_RETAINED,"No alternative review is substituted unless it matches the same predictor, outcome, time, measure, and threshold."
exclude_ft003_author_conflict,ROUT_THRESHOLDS | Lumbar infusion test—Rout | Shunt nonresponse | 3–12 months | NPV at 65% response prevalence | Rout >12 mmHg/mL/min,ROUT_THRESHOLDS,FT-010,True,ANCHOR_RETAINED,"No alternative review is substituted unless it matches the same predictor, outcome, time, measure, and threshold."
exclude_ft003_author_conflict,ROUT_THRESHOLDS | Lumbar infusion test—Rout | Shunt response | 3–12 months | Sensitivity | Rout >14 mmHg/mL/min,ROUT_THRESHOLDS,FT-010,True,ANCHOR_RETAINED,"No alternative review is substituted unless it matches the same predictor, outcome, time, measure, and threshold."
exclude_ft003_author_conflict,ROUT_THRESHOLDS | Lumbar infusion test—Rout | Shunt response | 3–12 months | Specificity | Rout >14 mmHg/mL/min,ROUT_THRESHOLDS,FT-010,True,ANCHOR_RETAINED,"No alternative review is substituted unless it matches the same predictor, outcome, time, measure, and threshold."
exclude_ft003_author_conflict,ROUT_THRESHOLDS | Lumbar infusion test—Rout | Shunt nonresponse | 3–12 months | NPV at 65% response prevalence | Rout >14 mmHg/mL/min,ROUT_THRESHOLDS,FT-010,True,ANCHOR_RETAINED,"No alternative review is substituted unless it matches the same predictor, outcome, time, measure, and threshold."
exclude_ft003_author_conflict,ROUT_THRESHOLDS | Lumbar infusion test—Rout | Shunt response | 3–12 months | Sensitivity | Rout >18 mmHg/mL/min,ROUT_THRESHOLDS,FT-010,True,ANCHOR_RETAINED,"No alternative review is substituted unless it matches the same predictor, outcome, time, measure, and threshold."
exclude_ft003_author_conflict,ROUT_THRESHOLDS | Lumbar infusion test—Rout | Shunt response | 3–12 months | Specificity | Rout >18 mmHg/mL/min,ROUT_THRESHOLDS,FT-010,True,ANCHOR_RETAINED,"No alternative review is substituted unless it matches the same predictor, outcome, time, measure, and threshold."
exclude_ft003_author_conflict,ROUT_THRESHOLDS | Lumbar infusion test—Rout | Shunt nonresponse | 3–12 months | NPV at 65% response prevalence | Rout >18 mmHg/mL/min,ROUT_THRESHOLDS,FT-010,True,ANCHOR_RETAINED,"No alternative review is substituted unless it matches the same predictor, outcome, time, measure, and threshold."
exclude_ft003_author_conflict,TAP_TEST_DTA | CSF tap test | Post-shunt clinical response | Varied | Sensitivity | Study-specific,TAP_TEST_DTA,FT-012,True,ANCHOR_RETAINED,"No alternative review is substituted unless it matches the same predictor, outcome, time, measure, and threshold."
exclude_ft003_author_conflict,TAP_TEST_DTA | CSF tap test | Post-shunt clinical response | Varied | Specificity | Study-specific,TAP_TEST_DTA,FT-012,True,ANCHOR_RETAINED,"No alternative review is substituted unless it matches the same predictor, outcome, time, measure, and threshold."
exclude_ft003_author_conflict,LIT_DTA | Lumbar infusion test | Post-shunt clinical response | Varied | Sensitivity | Study-specific,LIT_DTA,FT-012,True,ANCHOR_RETAINED,"No alternative review is substituted unless it matches the same predictor, outcome, time, measure, and threshold."
exclude_ft003_author_conflict,LIT_DTA | Lumbar infusion test | Post-shunt clinical response | Varied | Specificity | Study-specific,LIT_DTA,FT-012,True,ANCHOR_RETAINED,"No alternative review is substituted unless it matches the same predictor, outcome, time, measure, and threshold."
exclude_ft003_author_conflict,STRUCTURAL_IMAGING | Callosal angle | Shunt responder vs nonresponder | Varied | DOR | Study-specific,STRUCTURAL_IMAGING,FT-028,True,ANCHOR_RETAINED,"No alternative review is substituted unless it matches the same predictor, outcome, time, measure, and threshold."
exclude_ft003_author_conflict,STRUCTURAL_IMAGING | Periventricular white matter changes | Shunt responder vs nonresponder | Varied | DOR | Study-specific,STRUCTURAL_IMAGING,FT-028,True,ANCHOR_RETAINED,"No alternative review is substituted unless it matches the same predictor, outcome, time, measure, and threshold."
exclude_ft003_author_conflict,STRUCTURAL_IMAGING | DESH | Shunt responder vs nonresponder | Varied | Pooled DOR | Study-specific,STRUCTURAL_IMAGING,FT-028,True,ANCHOR_RETAINED,"No alternative review is substituted unless it matches the same predictor, outcome, time, measure, and threshold."
exclude_ft003_author_conflict,STRUCTURAL_IMAGING | CT cisternography | Shunt responder vs nonresponder | Varied | Pooled DOR | Study-specific,STRUCTURAL_IMAGING,FT-028,True,ANCHOR_RETAINED,"No alternative review is substituted unless it matches the same predictor, outcome, time, measure, and threshold."
exclude_ft003_author_conflict,STRUCTURAL_IMAGING | Cerebral blood flow | Shunt responder vs nonresponder | Varied | Pooled DOR | Study-specific,STRUCTURAL_IMAGING,FT-028,True,ANCHOR_RETAINED,"No alternative review is substituted unless it matches the same predictor, outcome, time, measure, and threshold."
exclude_ft003_author_conflict,BIOMARKERS | CSF phosphorylated tau | Shunt responder vs nonresponder | Varied | SMD | Continuous biomarker,BIOMARKERS,FT-030,True,ANCHOR_RETAINED,"No alternative review is substituted unless it matches the same predictor, outcome, time, measure, and threshold."
exclude_ft003_author_conflict,BIOMARKERS | CSF total tau | Shunt responder vs nonresponder | Varied | SMD | Continuous biomarker,BIOMARKERS,FT-030,True,ANCHOR_RETAINED,"No alternative review is substituted unless it matches the same predictor, outcome, time, measure, and threshold."
exclude_ft003_author_conflict,BIOMARKERS | CSF amyloid-β42 | Shunt responder vs nonresponder | Varied | SMD | Continuous biomarker,BIOMARKERS,FT-030,True,ANCHOR_RETAINED,"No alternative review is substituted unless it matches the same predictor, outcome, time, measure, and threshold."
exclude_ft003_author_conflict,COMPARATIVE_PROGNOSTIC_TESTS | Intracranial pressure monitoring | Shunt response | Varied | DOR | Study-specific,COMPARATIVE_PROGNOSTIC_TESTS,FT-031,True,ANCHOR_RETAINED,"No alternative review is substituted unless it matches the same predictor, outcome, time, measure, and threshold."
exclude_ft003_author_conflict,COMPARATIVE_PROGNOSTIC_TESTS | Intracranial pressure monitoring | Shunt response | Varied | AUC | Study-specific,COMPARATIVE_PROGNOSTIC_TESTS,FT-031,True,ANCHOR_RETAINED,"No alternative review is substituted unless it matches the same predictor, outcome, time, measure, and threshold."
exclude_ft003_author_conflict,COMPARATIVE_PROGNOSTIC_TESTS | Extended lumbar drainage | Shunt response | Varied | DOR | Study-specific,COMPARATIVE_PROGNOSTIC_TESTS,FT-031,True,ANCHOR_RETAINED,"No alternative review is substituted unless it matches the same predictor, outcome, time, measure, and threshold."
exclude_ft003_author_conflict,COMPARATIVE_PROGNOSTIC_TESTS | Extended lumbar drainage | Shunt response | Varied | AUC | Study-specific,COMPARATIVE_PROGNOSTIC_TESTS,FT-031,True,ANCHOR_RETAINED,"No alternative review is substituted unless it matches the same predictor, outcome, time, measure, and threshold."
exclude_ft003_author_conflict,COMPARATIVE_PROGNOSTIC_TESTS | Infusion test | Shunt response | Varied | DOR | Study-specific,COMPARATIVE_PROGNOSTIC_TESTS,FT-031,True,ANCHOR_RETAINED,"No alternative review is substituted unless it matches the same predictor, outcome, time, measure, and threshold."
exclude_ft003_author_conflict,COMPARATIVE_PROGNOSTIC_TESTS | Infusion test | Shunt response | Varied | AUC | Study-specific,COMPARATIVE_PROGNOSTIC_TESTS,FT-031,True,ANCHOR_RETAINED,"No alternative review is substituted unless it matches the same predictor, outcome, time, measure, and threshold."
exclude_ft003_author_conflict,COMPARATIVE_PROGNOSTIC_TESTS | Tap test | Shunt response | Varied | DOR | Study-specific,COMPARATIVE_PROGNOSTIC_TESTS,FT-031,True,ANCHOR_RETAINED,"No alternative review is substituted unless it matches the same predictor, outcome, time, measure, and threshold."
exclude_ft003_author_conflict,COMPARATIVE_PROGNOSTIC_TESTS | Tap test | Shunt response | Varied | AUC | Study-specific,COMPARATIVE_PROGNOSTIC_TESTS,FT-031,True,ANCHOR_RETAINED,"No alternative review is substituted unless it matches the same predictor, outcome, time, measure, and threshold."
exclude_ft003_author_conflict,ELD_DTA | Extended lumbar drainage | Post-shunt response | Varied | Sensitivity | Study-specific ELD response,ELD_DTA,FT-036,True,ANCHOR_RETAINED,"No alternative review is substituted unless it matches the same predictor, outcome, time, measure, and threshold."
exclude_ft003_author_conflict,ELD_DTA | Extended lumbar drainage | Post-shunt response | Varied | Specificity | Study-specific ELD response,ELD_DTA,FT-036,True,ANCHOR_RETAINED,"No alternative review is substituted unless it matches the same predictor, outcome, time, measure, and threshold."
exclude_ft003_author_conflict,ELD_DTA | Extended lumbar drainage | Post-shunt response | Varied | PPV | Study-specific ELD response,ELD_DTA,FT-036,True,ANCHOR_RETAINED,"No alternative review is substituted unless it matches the same predictor, outcome, time, measure, and threshold."
exclude_ft003_author_conflict,ELD_DTA | Extended lumbar drainage | Post-shunt response | Varied | NPV | Study-specific ELD response,ELD_DTA,FT-036,True,ANCHOR_RETAINED,"No alternative review is substituted unless it matches the same predictor, outcome, time, measure, and threshold."
exclude_ft003_author_conflict,COGNITIVE_CHANGE | Digit Span backward | Post-shunt mean change | Post-shunt; varied | MD | NR,COGNITIVE_CHANGE,FT-002,True,ANCHOR_RETAINED,"No alternative review is substituted unless it matches the same predictor, outcome, time, measure, and threshold."
exclude_ft003_author_conflict,COGNITIVE_CHANGE | Frontal Assessment Battery | Post-shunt mean change | Post-shunt; varied | MD | NR,COGNITIVE_CHANGE,FT-002,True,ANCHOR_RETAINED,"No alternative review is substituted unless it matches the same predictor, outcome, time, measure, and threshold."
exclude_ft003_author_conflict,COGNITIVE_CHANGE | Trail Making Test B | Post-shunt mean change | Post-shunt; varied | MD | NR,COGNITIVE_CHANGE,FT-002,True,ANCHOR_RETAINED,"No alternative review is substituted unless it matches the same predictor, outcome, time, measure, and threshold."
exclude_ft003_author_conflict,COGNITIVE_CHANGE | Grooved Pegboard dominant | Post-shunt mean change | Post-shunt; varied | MD | NR,COGNITIVE_CHANGE,FT-002,True,ANCHOR_RETAINED,"No alternative review is substituted unless it matches the same predictor, outcome, time, measure, and threshold."
exclude_ft003_author_conflict,COGNITIVE_CHANGE | Trail Making Test A | Post-shunt mean change | Post-shunt; varied | MD | NR,COGNITIVE_CHANGE,FT-002,True,ANCHOR_RETAINED,"No alternative review is substituted unless it matches the same predictor, outcome, time, measure, and threshold."
exclude_ft003_author_conflict,COGNITIVE_CHANGE | RAVLT learning | Post-shunt mean change | Post-shunt; varied | MD | NR,COGNITIVE_CHANGE,FT-002,True,ANCHOR_RETAINED,"No alternative review is substituted unless it matches the same predictor, outcome, time, measure, and threshold."
exclude_ft003_author_conflict,COGNITIVE_CHANGE | RAVLT delayed | Post-shunt mean change | Post-shunt; varied | MD | NR,COGNITIVE_CHANGE,FT-002,True,ANCHOR_RETAINED,"No alternative review is substituted unless it matches the same predictor, outcome, time, measure, and threshold."
exclude_ft003_author_conflict,COGNITIVE_CHANGE | MoCA | Post-shunt mean change | Post-shunt; varied | MD | NR,COGNITIVE_CHANGE,FT-002,True,ANCHOR_RETAINED,"No alternative review is substituted unless it matches the same predictor, outcome, time, measure, and threshold."
exclude_ft003_author_conflict,COGNITIVE_CHANGE | MMSE | Post-shunt mean change | Post-shunt; varied | MD | NR,COGNITIVE_CHANGE,FT-002,True,ANCHOR_RETAINED,"No alternative review is substituted unless it matches the same predictor, outcome, time, measure, and threshold."
exclude_ft003_author_conflict,SURVIVAL | Poor vs good gait score | Overall survival | Long-term post-shunt | HR | NR,SURVIVAL,FT-019,True,ANCHOR_RETAINED,"No alternative review is substituted unless it matches the same predictor, outcome, time, measure, and threshold."
exclude_ft003_author_conflict,SURVIVAL | Poor vs good continence score | Overall survival | Long-term post-shunt | HR | NR,SURVIVAL,FT-019,True,ANCHOR_RETAINED,"No alternative review is substituted unless it matches the same predictor, outcome, time, measure, and threshold."
exclude_ft003_author_conflict,SURVIVAL | mRS ≥3 vs 0–2 | Overall survival | Long-term post-shunt | HR | NR,SURVIVAL,FT-019,True,ANCHOR_RETAINED,"No alternative review is substituted unless it matches the same predictor, outcome, time, measure, and threshold."
exclude_ft003_author_conflict,SURVIVAL | All shunted NPH | Median survival | Long-term post-shunt | Median | NR,SURVIVAL,FT-019,True,ANCHOR_RETAINED,"No alternative review is substituted unless it matches the same predictor, outcome, time, measure, and threshold."
exclude_ft003_author_conflict,GAIT_CHANGE | Tap responders | Gait velocity after tap | After CSF tap test | Hedges g | NR,GAIT_CHANGE,FT-024,True,ANCHOR_RETAINED,"No alternative review is substituted unless it matches the same predictor, outcome, time, measure, and threshold."
exclude_ft003_author_conflict,STRUCTURAL_IMAGING | DESH | Sensitivity | Varied | Sensitivity | NR,STRUCTURAL_IMAGING,FT-032,True,ANCHOR_RETAINED,"No alternative review is substituted unless it matches the same predictor, outcome, time, measure, and threshold."
exclude_ft003_author_conflict,STRUCTURAL_IMAGING | DESH | Specificity | Varied | Specificity | NR,STRUCTURAL_IMAGING,FT-032,True,ANCHOR_RETAINED,"No alternative review is substituted unless it matches the same predictor, outcome, time, measure, and threshold."
exclude_ft003_author_conflict,STRUCTURAL_IMAGING | DESH | Discrimination | Varied | AUC | NR,STRUCTURAL_IMAGING,FT-032,True,ANCHOR_RETAINED,"No alternative review is substituted unless it matches the same predictor, outcome, time, measure, and threshold."
exclude_ft003_author_conflict,STRUCTURAL_IMAGING | DESH | Prevalence in iNPH | Varied | Proportion | NR,STRUCTURAL_IMAGING,FT-032,True,ANCHOR_RETAINED,"No alternative review is substituted unless it matches the same predictor, outcome, time, measure, and threshold."
robis_low_final_consensus,COGNITIVE_CHANGE | Shunt surgery | Any cognitive improvement | Post-shunt; varied | Pooled proportion (%) | NA,COGNITIVE_CHANGE,FT-002,False,ANCHOR_LOST,"No alternative review is substituted unless it matches the same predictor, outcome, time, measure, and threshold."
robis_low_final_consensus,COGNITIVE_CHANGE | Shunt surgery | Objectively defined cognitive improvement | Post-shunt; varied | Pooled proportion (%) | NA,COGNITIVE_CHANGE,FT-002,False,ANCHOR_LOST,"No alternative review is substituted unless it matches the same predictor, outcome, time, measure, and threshold."
robis_low_final_consensus,COMPLEX_PHENOTYPE | Complex vs pure iNPH phenotype | Global shunt response | Varied follow-up | OR | NA,COMPLEX_PHENOTYPE,FT-003,False,ANCHOR_LOST,"No alternative review is substituted unless it matches the same predictor, outcome, time, measure, and threshold."
robis_low_final_consensus,COMPLEX_PHENOTYPE | Complex vs pure iNPH phenotype | Urinary improvement | Mean ~4 months / varied | OR | NA,COMPLEX_PHENOTYPE,FT-003,False,ANCHOR_LOST,"No alternative review is substituted unless it matches the same predictor, outcome, time, measure, and threshold."
robis_low_final_consensus,COMPLEX_PHENOTYPE | Complex iNPH; within-group pre-post | Post-shunt Cognition | Varied | SMCR | NA,COMPLEX_PHENOTYPE,FT-003,False,ANCHOR_LOST,"No alternative review is substituted unless it matches the same predictor, outcome, time, measure, and threshold."
robis_low_final_consensus,COMPLEX_PHENOTYPE | Complex iNPH; within-group pre-post | Post-shunt Gait | Varied | SMCR | NA,COMPLEX_PHENOTYPE,FT-003,False,ANCHOR_LOST,"No alternative review is substituted unless it matches the same predictor, outcome, time, measure, and threshold."
robis_low_final_consensus,COMPLEX_PHENOTYPE | Complex iNPH; within-group pre-post | Post-shunt General function | Varied | SMCR | NA,COMPLEX_PHENOTYPE,FT-003,False,ANCHOR_LOST,"No alternative review is substituted unless it matches the same predictor, outcome, time, measure, and threshold."
robis_low_final_consensus,COMPLEX_PHENOTYPE | Complex iNPH; within-group pre-post | Post-shunt Incontinence | Varied | SMCR | NA,COMPLEX_PHENOTYPE,FT-003,False,ANCHOR_LOST,"No alternative review is substituted unless it matches the same predictor, outcome, time, measure, and threshold."
robis_low_final_consensus,COMPLEX_PHENOTYPE | Complex minus pure iNPH phenotype | Difference in post-shunt Cognition change | Varied | Difference in SMCR | NA,COMPLEX_PHENOTYPE,FT-003,False,ANCHOR_LOST,"No alternative review is substituted unless it matches the same predictor, outcome, time, measure, and threshold."
robis_low_final_consensus,COMPLEX_PHENOTYPE | Complex minus pure iNPH phenotype | Difference in post-shunt Gait change | Varied | Difference in SMCR | NA,COMPLEX_PHENOTYPE,FT-003,False,ANCHOR_LOST,"No alternative review is substituted unless it matches the same predictor, outcome, time, measure, and threshold."
robis_low_final_consensus,COMPLEX_PHENOTYPE | Complex minus pure iNPH phenotype | Difference in post-shunt General function change | Varied | Difference in SMCR | NA,COMPLEX_PHENOTYPE,FT-003,False,ANCHOR_LOST,"No alternative review is substituted unless it matches the same predictor, outcome, time, measure, and threshold."
robis_low_final_consensus,COMPLEX_PHENOTYPE | Complex minus pure iNPH phenotype | Difference in post-shunt Incontinence change | Varied | Difference in SMCR | NA,COMPLEX_PHENOTYPE,FT-003,False,ANCHOR_LOST,"No alternative review is substituted unless it matches the same predictor, outcome, time, measure, and threshold."
robis_low_final_consensus,COMPLEX_PHENOTYPE | Phenotype × follow-up time | Incontinence trajectory | Months | Meta-regression beta (SMCR/month) | NA,COMPLEX_PHENOTYPE,FT-003,False,ANCHOR_LOST,"No alternative review is substituted unless it matches the same predictor, outcome, time, measure, and threshold."
robis_low_final_consensus,ROUT_THRESHOLDS | Lumbar infusion test—Rout | Shunt response | 3–12 months | Sensitivity | Rout >12 mmHg/mL/min,ROUT_THRESHOLDS,FT-010,False,ANCHOR_LOST,"No alternative review is substituted unless it matches the same predictor, outcome, time, measure, and threshold."
robis_low_final_consensus,ROUT_THRESHOLDS | Lumbar infusion test—Rout | Shunt response | 3–12 months | Specificity | Rout >12 mmHg/mL/min,ROUT_THRESHOLDS,FT-010,False,ANCHOR_LOST,"No alternative review is substituted unless it matches the same predictor, outcome, time, measure, and threshold."
robis_low_final_consensus,ROUT_THRESHOLDS | Lumbar infusion test—Rout | Shunt nonresponse | 3–12 months | NPV at 65% response prevalence | Rout >12 mmHg/mL/min,ROUT_THRESHOLDS,FT-010,False,ANCHOR_LOST,"No alternative review is substituted unless it matches the same predictor, outcome, time, measure, and threshold."
robis_low_final_consensus,ROUT_THRESHOLDS | Lumbar infusion test—Rout | Shunt response | 3–12 months | Sensitivity | Rout >14 mmHg/mL/min,ROUT_THRESHOLDS,FT-010,False,ANCHOR_LOST,"No alternative review is substituted unless it matches the same predictor, outcome, time, measure, and threshold."
robis_low_final_consensus,ROUT_THRESHOLDS | Lumbar infusion test—Rout | Shunt response | 3–12 months | Specificity | Rout >14 mmHg/mL/min,ROUT_THRESHOLDS,FT-010,False,ANCHOR_LOST,"No alternative review is substituted unless it matches the same predictor, outcome, time, measure, and threshold."
robis_low_final_consensus,ROUT_THRESHOLDS | Lumbar infusion test—Rout | Shunt nonresponse | 3–12 months | NPV at 65% response prevalence | Rout >14 mmHg/mL/min,ROUT_THRESHOLDS,FT-010,False,ANCHOR_LOST,"No alternative review is substituted unless it matches the same predictor, outcome, time, measure, and threshold."
robis_low_final_consensus,ROUT_THRESHOLDS | Lumbar infusion test—Rout | Shunt response | 3–12 months | Sensitivity | Rout >18 mmHg/mL/min,ROUT_THRESHOLDS,FT-010,False,ANCHOR_LOST,"No alternative review is substituted unless it matches the same predictor, outcome, time, measure, and threshold."
robis_low_final_consensus,ROUT_THRESHOLDS | Lumbar infusion test—Rout | Shunt response | 3–12 months | Specificity | Rout >18 mmHg/mL/min,ROUT_THRESHOLDS,FT-010,False,ANCHOR_LOST,"No alternative review is substituted unless it matches the same predictor, outcome, time, measure, and threshold."
robis_low_final_consensus,ROUT_THRESHOLDS | Lumbar infusion test—Rout | Shunt nonresponse | 3–12 months | NPV at 65% response prevalence | Rout >18 mmHg/mL/min,ROUT_THRESHOLDS,FT-010,False,ANCHOR_LOST,"No alternative review is substituted unless it matches the same predictor, outcome, time, measure, and threshold."
robis_low_final_consensus,TAP_TEST_DTA | CSF tap test | Post-shunt clinical response | Varied | Sensitivity | Study-specific,TAP_TEST_DTA,FT-012,False,ANCHOR_LOST,"No alternative review is substituted unless it matches the same predictor, outcome, time, measure, and threshold."
robis_low_final_consensus,TAP_TEST_DTA | CSF tap test | Post-shunt clinical response | Varied | Specificity | Study-specific,TAP_TEST_DTA,FT-012,False,ANCHOR_LOST,"No alternative review is substituted unless it matches the same predictor, outcome, time, measure, and threshold."
robis_low_final_consensus,LIT_DTA | Lumbar infusion test | Post-shunt clinical response | Varied | Sensitivity | Study-specific,LIT_DTA,FT-012,False,ANCHOR_LOST,"No alternative review is substituted unless it matches the same predictor, outcome, time, measure, and threshold."
robis_low_final_consensus,LIT_DTA | Lumbar infusion test | Post-shunt clinical response | Varied | Specificity | Study-specific,LIT_DTA,FT-012,False,ANCHOR_LOST,"No alternative review is substituted unless it matches the same predictor, outcome, time, measure, and threshold."
robis_low_final_consensus,STRUCTURAL_IMAGING | Callosal angle | Shunt responder vs nonresponder | Varied | DOR | Study-specific,STRUCTURAL_IMAGING,FT-028,False,ANCHOR_LOST,"No alternative review is substituted unless it matches the same predictor, outcome, time, measure, and threshold."
robis_low_final_consensus,STRUCTURAL_IMAGING | Periventricular white matter changes | Shunt responder vs nonresponder | Varied | DOR | Study-specific,STRUCTURAL_IMAGING,FT-028,False,ANCHOR_LOST,"No alternative review is substituted unless it matches the same predictor, outcome, time, measure, and threshold."
robis_low_final_consensus,STRUCTURAL_IMAGING | DESH | Shunt responder vs nonresponder | Varied | Pooled DOR | Study-specific,STRUCTURAL_IMAGING,FT-028,False,ANCHOR_LOST,"No alternative review is substituted unless it matches the same predictor, outcome, time, measure, and threshold."
robis_low_final_consensus,STRUCTURAL_IMAGING | CT cisternography | Shunt responder vs nonresponder | Varied | Pooled DOR | Study-specific,STRUCTURAL_IMAGING,FT-028,False,ANCHOR_LOST,"No alternative review is substituted unless it matches the same predictor, outcome, time, measure, and threshold."
robis_low_final_consensus,STRUCTURAL_IMAGING | Cerebral blood flow | Shunt responder vs nonresponder | Varied | Pooled DOR | Study-specific,STRUCTURAL_IMAGING,FT-028,False,ANCHOR_LOST,"No alternative review is substituted unless it matches the same predictor, outcome, time, measure, and threshold."
robis_low_final_consensus,BIOMARKERS | CSF phosphorylated tau | Shunt responder vs nonresponder | Varied | SMD | Continuous biomarker,BIOMARKERS,FT-030,False,ANCHOR_LOST,"No alternative review is substituted unless it matches the same predictor, outcome, time, measure, and threshold."
robis_low_final_consensus,BIOMARKERS | CSF total tau | Shunt responder vs nonresponder | Varied | SMD | Continuous biomarker,BIOMARKERS,FT-030,False,ANCHOR_LOST,"No alternative review is substituted unless it matches the same predictor, outcome, time, measure, and threshold."
robis_low_final_consensus,BIOMARKERS | CSF amyloid-β42 | Shunt responder vs nonresponder | Varied | SMD | Continuous biomarker,BIOMARKERS,FT-030,False,ANCHOR_LOST,"No alternative review is substituted unless it matches the same predictor, outcome, time, measure, and threshold."
robis_low_final_consensus,COMPARATIVE_PROGNOSTIC_TESTS | Intracranial pressure monitoring | Shunt response | Varied | DOR | Study-specific,COMPARATIVE_PROGNOSTIC_TESTS,FT-031,False,ANCHOR_LOST,"No alternative review is substituted unless it matches the same predictor, outcome, time, measure, and threshold."
robis_low_final_consensus,COMPARATIVE_PROGNOSTIC_TESTS | Intracranial pressure monitoring | Shunt response | Varied | AUC | Study-specific,COMPARATIVE_PROGNOSTIC_TESTS,FT-031,False,ANCHOR_LOST,"No alternative review is substituted unless it matches the same predictor, outcome, time, measure, and threshold."
robis_low_final_consensus,COMPARATIVE_PROGNOSTIC_TESTS | Extended lumbar drainage | Shunt response | Varied | DOR | Study-specific,COMPARATIVE_PROGNOSTIC_TESTS,FT-031,False,ANCHOR_LOST,"No alternative review is substituted unless it matches the same predictor, outcome, time, measure, and threshold."
robis_low_final_consensus,COMPARATIVE_PROGNOSTIC_TESTS | Extended lumbar drainage | Shunt response | Varied | AUC | Study-specific,COMPARATIVE_PROGNOSTIC_TESTS,FT-031,False,ANCHOR_LOST,"No alternative review is substituted unless it matches the same predictor, outcome, time, measure, and threshold."
robis_low_final_consensus,COMPARATIVE_PROGNOSTIC_TESTS | Infusion test | Shunt response | Varied | DOR | Study-specific,COMPARATIVE_PROGNOSTIC_TESTS,FT-031,False,ANCHOR_LOST,"No alternative review is substituted unless it matches the same predictor, outcome, time, measure, and threshold."
robis_low_final_consensus,COMPARATIVE_PROGNOSTIC_TESTS | Infusion test | Shunt response | Varied | AUC | Study-specific,COMPARATIVE_PROGNOSTIC_TESTS,FT-031,False,ANCHOR_LOST,"No alternative review is substituted unless it matches the same predictor, outcome, time, measure, and threshold."
robis_low_final_consensus,COMPARATIVE_PROGNOSTIC_TESTS | Tap test | Shunt response | Varied | DOR | Study-specific,COMPARATIVE_PROGNOSTIC_TESTS,FT-031,False,ANCHOR_LOST,"No alternative review is substituted unless it matches the same predictor, outcome, time, measure, and threshold."
robis_low_final_consensus,COMPARATIVE_PROGNOSTIC_TESTS | Tap test | Shunt response | Varied | AUC | Study-specific,COMPARATIVE_PROGNOSTIC_TESTS,FT-031,False,ANCHOR_LOST,"No alternative review is substituted unless it matches the same predictor, outcome, time, measure, and threshold."
robis_low_final_consensus,ELD_DTA | Extended lumbar drainage | Post-shunt response | Varied | Sensitivity | Study-specific ELD response,ELD_DTA,FT-036,True,ANCHOR_RETAINED,"No alternative review is substituted unless it matches the same predictor, outcome, time, measure, and threshold."
robis_low_final_consensus,ELD_DTA | Extended lumbar drainage | Post-shunt response | Varied | Specificity | Study-specific ELD response,ELD_DTA,FT-036,True,ANCHOR_RETAINED,"No alternative review is substituted unless it matches the same predictor, outcome, time, measure, and threshold."
robis_low_final_consensus,ELD_DTA | Extended lumbar drainage | Post-shunt response | Varied | PPV | Study-specific ELD response,ELD_DTA,FT-036,True,ANCHOR_RETAINED,"No alternative review is substituted unless it matches the same predictor, outcome, time, measure, and threshold."
robis_low_final_consensus,ELD_DTA | Extended lumbar drainage | Post-shunt response | Varied | NPV | Study-specific ELD response,ELD_DTA,FT-036,True,ANCHOR_RETAINED,"No alternative review is substituted unless it matches the same predictor, outcome, time, measure, and threshold."
robis_low_final_consensus,COGNITIVE_CHANGE | Digit Span backward | Post-shunt mean change | Post-shunt; varied | MD | NR,COGNITIVE_CHANGE,FT-002,False,ANCHOR_LOST,"No alternative review is substituted unless it matches the same predictor, outcome, time, measure, and threshold."
robis_low_final_consensus,COGNITIVE_CHANGE | Frontal Assessment Battery | Post-shunt mean change | Post-shunt; varied | MD | NR,COGNITIVE_CHANGE,FT-002,False,ANCHOR_LOST,"No alternative review is substituted unless it matches the same predictor, outcome, time, measure, and threshold."
robis_low_final_consensus,COGNITIVE_CHANGE | Trail Making Test B | Post-shunt mean change | Post-shunt; varied | MD | NR,COGNITIVE_CHANGE,FT-002,False,ANCHOR_LOST,"No alternative review is substituted unless it matches the same predictor, outcome, time, measure, and threshold."
robis_low_final_consensus,COGNITIVE_CHANGE | Grooved Pegboard dominant | Post-shunt mean change | Post-shunt; varied | MD | NR,COGNITIVE_CHANGE,FT-002,False,ANCHOR_LOST,"No alternative review is substituted unless it matches the same predictor, outcome, time, measure, and threshold."
robis_low_final_consensus,COGNITIVE_CHANGE | Trail Making Test A | Post-shunt mean change | Post-shunt; varied | MD | NR,COGNITIVE_CHANGE,FT-002,False,ANCHOR_LOST,"No alternative review is substituted unless it matches the same predictor, outcome, time, measure, and threshold."
robis_low_final_consensus,COGNITIVE_CHANGE | RAVLT learning | Post-shunt mean change | Post-shunt; varied | MD | NR,COGNITIVE_CHANGE,FT-002,False,ANCHOR_LOST,"No alternative review is substituted unless it matches the same predictor, outcome, time, measure, and threshold."
robis_low_final_consensus,COGNITIVE_CHANGE | RAVLT delayed | Post-shunt mean change | Post-shunt; varied | MD | NR,COGNITIVE_CHANGE,FT-002,False,ANCHOR_LOST,"No alternative review is substituted unless it matches the same predictor, outcome, time, measure, and threshold."
robis_low_final_consensus,COGNITIVE_CHANGE | MoCA | Post-shunt mean change | Post-shunt; varied | MD | NR,COGNITIVE_CHANGE,FT-002,False,ANCHOR_LOST,"No alternative review is substituted unless it matches the same predictor, outcome, time, measure, and threshold."
robis_low_final_consensus,COGNITIVE_CHANGE | MMSE | Post-shunt mean change | Post-shunt; varied | MD | NR,COGNITIVE_CHANGE,FT-002,False,ANCHOR_LOST,"No alternative review is substituted unless it matches the same predictor, outcome, time, measure, and threshold."
robis_low_final_consensus,SURVIVAL | Poor vs good gait score | Overall survival | Long-term post-shunt | HR | NR,SURVIVAL,FT-019,False,ANCHOR_LOST,"No alternative review is substituted unless it matches the same predictor, outcome, time, measure, and threshold."
robis_low_final_consensus,SURVIVAL | Poor vs good continence score | Overall survival | Long-term post-shunt | HR | NR,SURVIVAL,FT-019,False,ANCHOR_LOST,"No alternative review is substituted unless it matches the same predictor, outcome, time, measure, and threshold."
robis_low_final_consensus,SURVIVAL | mRS ≥3 vs 0–2 | Overall survival | Long-term post-shunt | HR | NR,SURVIVAL,FT-019,False,ANCHOR_LOST,"No alternative review is substituted unless it matches the same predictor, outcome, time, measure, and threshold."
robis_low_final_consensus,SURVIVAL | All shunted NPH | Median survival | Long-term post-shunt | Median | NR,SURVIVAL,FT-019,False,ANCHOR_LOST,"No alternative review is substituted unless it matches the same predictor, outcome, time, measure, and threshold."
robis_low_final_consensus,GAIT_CHANGE | Tap responders | Gait velocity after tap | After CSF tap test | Hedges g | NR,GAIT_CHANGE,FT-024,True,ANCHOR_RETAINED,"No alternative review is substituted unless it matches the same predictor, outcome, time, measure, and threshold."
robis_low_final_consensus,STRUCTURAL_IMAGING | DESH | Sensitivity | Varied | Sensitivity | NR,STRUCTURAL_IMAGING,FT-032,False,ANCHOR_LOST,"No alternative review is substituted unless it matches the same predictor, outcome, time, measure, and threshold."
robis_low_final_consensus,STRUCTURAL_IMAGING | DESH | Specificity | Varied | Specificity | NR,STRUCTURAL_IMAGING,FT-032,False,ANCHOR_LOST,"No alternative review is substituted unless it matches the same predictor, outcome, time, measure, and threshold."
robis_low_final_consensus,STRUCTURAL_IMAGING | DESH | Discrimination | Varied | AUC | NR,STRUCTURAL_IMAGING,FT-032,False,ANCHOR_LOST,"No alternative review is substituted unless it matches the same predictor, outcome, time, measure, and threshold."
robis_low_final_consensus,STRUCTURAL_IMAGING | DESH | Prevalence in iNPH | Varied | Proportion | NR,STRUCTURAL_IMAGING,FT-032,False,ANCHOR_LOST,"No alternative review is substituted unless it matches the same predictor, outcome, time, measure, and threshold."
robis_not_high_final_consensus,COGNITIVE_CHANGE | Shunt surgery | Any cognitive improvement | Post-shunt; varied | Pooled proportion (%) | NA,COGNITIVE_CHANGE,FT-002,False,ANCHOR_LOST,"No alternative review is substituted unless it matches the same predictor, outcome, time, measure, and threshold."
robis_not_high_final_consensus,COGNITIVE_CHANGE | Shunt surgery | Objectively defined cognitive improvement | Post-shunt; varied | Pooled proportion (%) | NA,COGNITIVE_CHANGE,FT-002,False,ANCHOR_LOST,"No alternative review is substituted unless it matches the same predictor, outcome, time, measure, and threshold."
robis_not_high_final_consensus,COMPLEX_PHENOTYPE | Complex vs pure iNPH phenotype | Global shunt response | Varied follow-up | OR | NA,COMPLEX_PHENOTYPE,FT-003,True,ANCHOR_RETAINED,"No alternative review is substituted unless it matches the same predictor, outcome, time, measure, and threshold."
robis_not_high_final_consensus,COMPLEX_PHENOTYPE | Complex vs pure iNPH phenotype | Urinary improvement | Mean ~4 months / varied | OR | NA,COMPLEX_PHENOTYPE,FT-003,True,ANCHOR_RETAINED,"No alternative review is substituted unless it matches the same predictor, outcome, time, measure, and threshold."
robis_not_high_final_consensus,COMPLEX_PHENOTYPE | Complex iNPH; within-group pre-post | Post-shunt Cognition | Varied | SMCR | NA,COMPLEX_PHENOTYPE,FT-003,True,ANCHOR_RETAINED,"No alternative review is substituted unless it matches the same predictor, outcome, time, measure, and threshold."
robis_not_high_final_consensus,COMPLEX_PHENOTYPE | Complex iNPH; within-group pre-post | Post-shunt Gait | Varied | SMCR | NA,COMPLEX_PHENOTYPE,FT-003,True,ANCHOR_RETAINED,"No alternative review is substituted unless it matches the same predictor, outcome, time, measure, and threshold."
robis_not_high_final_consensus,COMPLEX_PHENOTYPE | Complex iNPH; within-group pre-post | Post-shunt General function | Varied | SMCR | NA,COMPLEX_PHENOTYPE,FT-003,True,ANCHOR_RETAINED,"No alternative review is substituted unless it matches the same predictor, outcome, time, measure, and threshold."
robis_not_high_final_consensus,COMPLEX_PHENOTYPE | Complex iNPH; within-group pre-post | Post-shunt Incontinence | Varied | SMCR | NA,COMPLEX_PHENOTYPE,FT-003,True,ANCHOR_RETAINED,"No alternative review is substituted unless it matches the same predictor, outcome, time, measure, and threshold."
robis_not_high_final_consensus,COMPLEX_PHENOTYPE | Complex minus pure iNPH phenotype | Difference in post-shunt Cognition change | Varied | Difference in SMCR | NA,COMPLEX_PHENOTYPE,FT-003,True,ANCHOR_RETAINED,"No alternative review is substituted unless it matches the same predictor, outcome, time, measure, and threshold."
robis_not_high_final_consensus,COMPLEX_PHENOTYPE | Complex minus pure iNPH phenotype | Difference in post-shunt Gait change | Varied | Difference in SMCR | NA,COMPLEX_PHENOTYPE,FT-003,True,ANCHOR_RETAINED,"No alternative review is substituted unless it matches the same predictor, outcome, time, measure, and threshold."
robis_not_high_final_consensus,COMPLEX_PHENOTYPE | Complex minus pure iNPH phenotype | Difference in post-shunt General function change | Varied | Difference in SMCR | NA,COMPLEX_PHENOTYPE,FT-003,True,ANCHOR_RETAINED,"No alternative review is substituted unless it matches the same predictor, outcome, time, measure, and threshold."
robis_not_high_final_consensus,COMPLEX_PHENOTYPE | Complex minus pure iNPH phenotype | Difference in post-shunt Incontinence change | Varied | Difference in SMCR | NA,COMPLEX_PHENOTYPE,FT-003,True,ANCHOR_RETAINED,"No alternative review is substituted unless it matches the same predictor, outcome, time, measure, and threshold."
robis_not_high_final_consensus,COMPLEX_PHENOTYPE | Phenotype × follow-up time | Incontinence trajectory | Months | Meta-regression beta (SMCR/month) | NA,COMPLEX_PHENOTYPE,FT-003,True,ANCHOR_RETAINED,"No alternative review is substituted unless it matches the same predictor, outcome, time, measure, and threshold."
robis_not_high_final_consensus,ROUT_THRESHOLDS | Lumbar infusion test—Rout | Shunt response | 3–12 months | Sensitivity | Rout >12 mmHg/mL/min,ROUT_THRESHOLDS,FT-010,False,ANCHOR_LOST,"No alternative review is substituted unless it matches the same predictor, outcome, time, measure, and threshold."
robis_not_high_final_consensus,ROUT_THRESHOLDS | Lumbar infusion test—Rout | Shunt response | 3–12 months | Specificity | Rout >12 mmHg/mL/min,ROUT_THRESHOLDS,FT-010,False,ANCHOR_LOST,"No alternative review is substituted unless it matches the same predictor, outcome, time, measure, and threshold."
robis_not_high_final_consensus,ROUT_THRESHOLDS | Lumbar infusion test—Rout | Shunt nonresponse | 3–12 months | NPV at 65% response prevalence | Rout >12 mmHg/mL/min,ROUT_THRESHOLDS,FT-010,False,ANCHOR_LOST,"No alternative review is substituted unless it matches the same predictor, outcome, time, measure, and threshold."
robis_not_high_final_consensus,ROUT_THRESHOLDS | Lumbar infusion test—Rout | Shunt response | 3–12 months | Sensitivity | Rout >14 mmHg/mL/min,ROUT_THRESHOLDS,FT-010,False,ANCHOR_LOST,"No alternative review is substituted unless it matches the same predictor, outcome, time, measure, and threshold."
robis_not_high_final_consensus,ROUT_THRESHOLDS | Lumbar infusion test—Rout | Shunt response | 3–12 months | Specificity | Rout >14 mmHg/mL/min,ROUT_THRESHOLDS,FT-010,False,ANCHOR_LOST,"No alternative review is substituted unless it matches the same predictor, outcome, time, measure, and threshold."
robis_not_high_final_consensus,ROUT_THRESHOLDS | Lumbar infusion test—Rout | Shunt nonresponse | 3–12 months | NPV at 65% response prevalence | Rout >14 mmHg/mL/min,ROUT_THRESHOLDS,FT-010,False,ANCHOR_LOST,"No alternative review is substituted unless it matches the same predictor, outcome, time, measure, and threshold."
robis_not_high_final_consensus,ROUT_THRESHOLDS | Lumbar infusion test—Rout | Shunt response | 3–12 months | Sensitivity | Rout >18 mmHg/mL/min,ROUT_THRESHOLDS,FT-010,False,ANCHOR_LOST,"No alternative review is substituted unless it matches the same predictor, outcome, time, measure, and threshold."
robis_not_high_final_consensus,ROUT_THRESHOLDS | Lumbar infusion test—Rout | Shunt response | 3–12 months | Specificity | Rout >18 mmHg/mL/min,ROUT_THRESHOLDS,FT-010,False,ANCHOR_LOST,"No alternative review is substituted unless it matches the same predictor, outcome, time, measure, and threshold."
robis_not_high_final_consensus,ROUT_THRESHOLDS | Lumbar infusion test—Rout | Shunt nonresponse | 3–12 months | NPV at 65% response prevalence | Rout >18 mmHg/mL/min,ROUT_THRESHOLDS,FT-010,False,ANCHOR_LOST,"No alternative review is substituted unless it matches the same predictor, outcome, time, measure, and threshold."
robis_not_high_final_consensus,TAP_TEST_DTA | CSF tap test | Post-shunt clinical response | Varied | Sensitivity | Study-specific,TAP_TEST_DTA,FT-012,False,ANCHOR_LOST,"No alternative review is substituted unless it matches the same predictor, outcome, time, measure, and threshold."
robis_not_high_final_consensus,TAP_TEST_DTA | CSF tap test | Post-shunt clinical response | Varied | Specificity | Study-specific,TAP_TEST_DTA,FT-012,False,ANCHOR_LOST,"No alternative review is substituted unless it matches the same predictor, outcome, time, measure, and threshold."
robis_not_high_final_consensus,LIT_DTA | Lumbar infusion test | Post-shunt clinical response | Varied | Sensitivity | Study-specific,LIT_DTA,FT-012,False,ANCHOR_LOST,"No alternative review is substituted unless it matches the same predictor, outcome, time, measure, and threshold."
robis_not_high_final_consensus,LIT_DTA | Lumbar infusion test | Post-shunt clinical response | Varied | Specificity | Study-specific,LIT_DTA,FT-012,False,ANCHOR_LOST,"No alternative review is substituted unless it matches the same predictor, outcome, time, measure, and threshold."
robis_not_high_final_consensus,STRUCTURAL_IMAGING | Callosal angle | Shunt responder vs nonresponder | Varied | DOR | Study-specific,STRUCTURAL_IMAGING,FT-028,False,ANCHOR_LOST,"No alternative review is substituted unless it matches the same predictor, outcome, time, measure, and threshold."
robis_not_high_final_consensus,STRUCTURAL_IMAGING | Periventricular white matter changes | Shunt responder vs nonresponder | Varied | DOR | Study-specific,STRUCTURAL_IMAGING,FT-028,False,ANCHOR_LOST,"No alternative review is substituted unless it matches the same predictor, outcome, time, measure, and threshold."
robis_not_high_final_consensus,STRUCTURAL_IMAGING | DESH | Shunt responder vs nonresponder | Varied | Pooled DOR | Study-specific,STRUCTURAL_IMAGING,FT-028,False,ANCHOR_LOST,"No alternative review is substituted unless it matches the same predictor, outcome, time, measure, and threshold."
robis_not_high_final_consensus,STRUCTURAL_IMAGING | CT cisternography | Shunt responder vs nonresponder | Varied | Pooled DOR | Study-specific,STRUCTURAL_IMAGING,FT-028,False,ANCHOR_LOST,"No alternative review is substituted unless it matches the same predictor, outcome, time, measure, and threshold."
robis_not_high_final_consensus,STRUCTURAL_IMAGING | Cerebral blood flow | Shunt responder vs nonresponder | Varied | Pooled DOR | Study-specific,STRUCTURAL_IMAGING,FT-028,False,ANCHOR_LOST,"No alternative review is substituted unless it matches the same predictor, outcome, time, measure, and threshold."
robis_not_high_final_consensus,BIOMARKERS | CSF phosphorylated tau | Shunt responder vs nonresponder | Varied | SMD | Continuous biomarker,BIOMARKERS,FT-030,False,ANCHOR_LOST,"No alternative review is substituted unless it matches the same predictor, outcome, time, measure, and threshold."
robis_not_high_final_consensus,BIOMARKERS | CSF total tau | Shunt responder vs nonresponder | Varied | SMD | Continuous biomarker,BIOMARKERS,FT-030,False,ANCHOR_LOST,"No alternative review is substituted unless it matches the same predictor, outcome, time, measure, and threshold."
robis_not_high_final_consensus,BIOMARKERS | CSF amyloid-β42 | Shunt responder vs nonresponder | Varied | SMD | Continuous biomarker,BIOMARKERS,FT-030,False,ANCHOR_LOST,"No alternative review is substituted unless it matches the same predictor, outcome, time, measure, and threshold."
robis_not_high_final_consensus,COMPARATIVE_PROGNOSTIC_TESTS | Intracranial pressure monitoring | Shunt response | Varied | DOR | Study-specific,COMPARATIVE_PROGNOSTIC_TESTS,FT-031,False,ANCHOR_LOST,"No alternative review is substituted unless it matches the same predictor, outcome, time, measure, and threshold."
robis_not_high_final_consensus,COMPARATIVE_PROGNOSTIC_TESTS | Intracranial pressure monitoring | Shunt response | Varied | AUC | Study-specific,COMPARATIVE_PROGNOSTIC_TESTS,FT-031,False,ANCHOR_LOST,"No alternative review is substituted unless it matches the same predictor, outcome, time, measure, and threshold."
robis_not_high_final_consensus,COMPARATIVE_PROGNOSTIC_TESTS | Extended lumbar drainage | Shunt response | Varied | DOR | Study-specific,COMPARATIVE_PROGNOSTIC_TESTS,FT-031,False,ANCHOR_LOST,"No alternative review is substituted unless it matches the same predictor, outcome, time, measure, and threshold."
robis_not_high_final_consensus,COMPARATIVE_PROGNOSTIC_TESTS | Extended lumbar drainage | Shunt response | Varied | AUC | Study-specific,COMPARATIVE_PROGNOSTIC_TESTS,FT-031,False,ANCHOR_LOST,"No alternative review is substituted unless it matches the same predictor, outcome, time, measure, and threshold."
robis_not_high_final_consensus,COMPARATIVE_PROGNOSTIC_TESTS | Infusion test | Shunt response | Varied | DOR | Study-specific,COMPARATIVE_PROGNOSTIC_TESTS,FT-031,False,ANCHOR_LOST,"No alternative review is substituted unless it matches the same predictor, outcome, time, measure, and threshold."
robis_not_high_final_consensus,COMPARATIVE_PROGNOSTIC_TESTS | Infusion test | Shunt response | Varied | AUC | Study-specific,COMPARATIVE_PROGNOSTIC_TESTS,FT-031,False,ANCHOR_LOST,"No alternative review is substituted unless it matches the same predictor, outcome, time, measure, and threshold."
robis_not_high_final_consensus,COMPARATIVE_PROGNOSTIC_TESTS | Tap test | Shunt response | Varied | DOR | Study-specific,COMPARATIVE_PROGNOSTIC_TESTS,FT-031,False,ANCHOR_LOST,"No alternative review is substituted unless it matches the same predictor, outcome, time, measure, and threshold."
robis_not_high_final_consensus,COMPARATIVE_PROGNOSTIC_TESTS | Tap test | Shunt response | Varied | AUC | Study-specific,COMPARATIVE_PROGNOSTIC_TESTS,FT-031,False,ANCHOR_LOST,"No alternative review is substituted unless it matches the same predictor, outcome, time, measure, and threshold."
robis_not_high_final_consensus,ELD_DTA | Extended lumbar drainage | Post-shunt response | Varied | Sensitivity | Study-specific ELD response,ELD_DTA,FT-036,True,ANCHOR_RETAINED,"No alternative review is substituted unless it matches the same predictor, outcome, time, measure, and threshold."
robis_not_high_final_consensus,ELD_DTA | Extended lumbar drainage | Post-shunt response | Varied | Specificity | Study-specific ELD response,ELD_DTA,FT-036,True,ANCHOR_RETAINED,"No alternative review is substituted unless it matches the same predictor, outcome, time, measure, and threshold."
robis_not_high_final_consensus,ELD_DTA | Extended lumbar drainage | Post-shunt response | Varied | PPV | Study-specific ELD response,ELD_DTA,FT-036,True,ANCHOR_RETAINED,"No alternative review is substituted unless it matches the same predictor, outcome, time, measure, and threshold."
robis_not_high_final_consensus,ELD_DTA | Extended lumbar drainage | Post-shunt response | Varied | NPV | Study-specific ELD response,ELD_DTA,FT-036,True,ANCHOR_RETAINED,"No alternative review is substituted unless it matches the same predictor, outcome, time, measure, and threshold."
robis_not_high_final_consensus,COGNITIVE_CHANGE | Digit Span backward | Post-shunt mean change | Post-shunt; varied | MD | NR,COGNITIVE_CHANGE,FT-002,False,ANCHOR_LOST,"No alternative review is substituted unless it matches the same predictor, outcome, time, measure, and threshold."
robis_not_high_final_consensus,COGNITIVE_CHANGE | Frontal Assessment Battery | Post-shunt mean change | Post-shunt; varied | MD | NR,COGNITIVE_CHANGE,FT-002,False,ANCHOR_LOST,"No alternative review is substituted unless it matches the same predictor, outcome, time, measure, and threshold."
robis_not_high_final_consensus,COGNITIVE_CHANGE | Trail Making Test B | Post-shunt mean change | Post-shunt; varied | MD | NR,COGNITIVE_CHANGE,FT-002,False,ANCHOR_LOST,"No alternative review is substituted unless it matches the same predictor, outcome, time, measure, and threshold."
robis_not_high_final_consensus,COGNITIVE_CHANGE | Grooved Pegboard dominant | Post-shunt mean change | Post-shunt; varied | MD | NR,COGNITIVE_CHANGE,FT-002,False,ANCHOR_LOST,"No alternative review is substituted unless it matches the same predictor, outcome, time, measure, and threshold."
robis_not_high_final_consensus,COGNITIVE_CHANGE | Trail Making Test A | Post-shunt mean change | Post-shunt; varied | MD | NR,COGNITIVE_CHANGE,FT-002,False,ANCHOR_LOST,"No alternative review is substituted unless it matches the same predictor, outcome, time, measure, and threshold."
robis_not_high_final_consensus,COGNITIVE_CHANGE | RAVLT learning | Post-shunt mean change | Post-shunt; varied | MD | NR,COGNITIVE_CHANGE,FT-002,False,ANCHOR_LOST,"No alternative review is substituted unless it matches the same predictor, outcome, time, measure, and threshold."
robis_not_high_final_consensus,COGNITIVE_CHANGE | RAVLT delayed | Post-shunt mean change | Post-shunt; varied | MD | NR,COGNITIVE_CHANGE,FT-002,False,ANCHOR_LOST,"No alternative review is substituted unless it matches the same predictor, outcome, time, measure, and threshold."
robis_not_high_final_consensus,COGNITIVE_CHANGE | MoCA | Post-shunt mean change | Post-shunt; varied | MD | NR,COGNITIVE_CHANGE,FT-002,False,ANCHOR_LOST,"No alternative review is substituted unless it matches the same predictor, outcome, time, measure, and threshold."
robis_not_high_final_consensus,COGNITIVE_CHANGE | MMSE | Post-shunt mean change | Post-shunt; varied | MD | NR,COGNITIVE_CHANGE,FT-002,False,ANCHOR_LOST,"No alternative review is substituted unless it matches the same predictor, outcome, time, measure, and threshold."
robis_not_high_final_consensus,SURVIVAL | Poor vs good gait score | Overall survival | Long-term post-shunt | HR | NR,SURVIVAL,FT-019,False,ANCHOR_LOST,"No alternative review is substituted unless it matches the same predictor, outcome, time, measure, and threshold."
robis_not_high_final_consensus,SURVIVAL | Poor vs good continence score | Overall survival | Long-term post-shunt | HR | NR,SURVIVAL,FT-019,False,ANCHOR_LOST,"No alternative review is substituted unless it matches the same predictor, outcome, time, measure, and threshold."
robis_not_high_final_consensus,SURVIVAL | mRS ≥3 vs 0–2 | Overall survival | Long-term post-shunt | HR | NR,SURVIVAL,FT-019,False,ANCHOR_LOST,"No alternative review is substituted unless it matches the same predictor, outcome, time, measure, and threshold."
robis_not_high_final_consensus,SURVIVAL | All shunted NPH | Median survival | Long-term post-shunt | Median | NR,SURVIVAL,FT-019,False,ANCHOR_LOST,"No alternative review is substituted unless it matches the same predictor, outcome, time, measure, and threshold."
robis_not_high_final_consensus,GAIT_CHANGE | Tap responders | Gait velocity after tap | After CSF tap test | Hedges g | NR,GAIT_CHANGE,FT-024,True,ANCHOR_RETAINED,"No alternative review is substituted unless it matches the same predictor, outcome, time, measure, and threshold."
robis_not_high_final_consensus,STRUCTURAL_IMAGING | DESH | Sensitivity | Varied | Sensitivity | NR,STRUCTURAL_IMAGING,FT-032,False,ANCHOR_LOST,"No alternative review is substituted unless it matches the same predictor, outcome, time, measure, and threshold."
robis_not_high_final_consensus,STRUCTURAL_IMAGING | DESH | Specificity | Varied | Specificity | NR,STRUCTURAL_IMAGING,FT-032,False,ANCHOR_LOST,"No alternative review is substituted unless it matches the same predictor, outcome, time, measure, and threshold."
robis_not_high_final_consensus,STRUCTURAL_IMAGING | DESH | Discrimination | Varied | AUC | NR,STRUCTURAL_IMAGING,FT-032,False,ANCHOR_LOST,"No alternative review is substituted unless it matches the same predictor, outcome, time, measure, and threshold."
robis_not_high_final_consensus,STRUCTURAL_IMAGING | DESH | Prevalence in iNPH | Varied | Proportion | NR,STRUCTURAL_IMAGING,FT-032,False,ANCHOR_LOST,"No alternative review is substituted unless it matches the same predictor, outcome, time, measure, and threshold."
robis_low_by_both_reviewers,COGNITIVE_CHANGE | Shunt surgery | Any cognitive improvement | Post-shunt; varied | Pooled proportion (%) | NA,COGNITIVE_CHANGE,FT-002,False,ANCHOR_LOST,"No alternative review is substituted unless it matches the same predictor, outcome, time, measure, and threshold."
robis_low_by_both_reviewers,COGNITIVE_CHANGE | Shunt surgery | Objectively defined cognitive improvement | Post-shunt; varied | Pooled proportion (%) | NA,COGNITIVE_CHANGE,FT-002,False,ANCHOR_LOST,"No alternative review is substituted unless it matches the same predictor, outcome, time, measure, and threshold."
robis_low_by_both_reviewers,COMPLEX_PHENOTYPE | Complex vs pure iNPH phenotype | Global shunt response | Varied follow-up | OR | NA,COMPLEX_PHENOTYPE,FT-003,False,ANCHOR_LOST,"No alternative review is substituted unless it matches the same predictor, outcome, time, measure, and threshold."
robis_low_by_both_reviewers,COMPLEX_PHENOTYPE | Complex vs pure iNPH phenotype | Urinary improvement | Mean ~4 months / varied | OR | NA,COMPLEX_PHENOTYPE,FT-003,False,ANCHOR_LOST,"No alternative review is substituted unless it matches the same predictor, outcome, time, measure, and threshold."
robis_low_by_both_reviewers,COMPLEX_PHENOTYPE | Complex iNPH; within-group pre-post | Post-shunt Cognition | Varied | SMCR | NA,COMPLEX_PHENOTYPE,FT-003,False,ANCHOR_LOST,"No alternative review is substituted unless it matches the same predictor, outcome, time, measure, and threshold."
robis_low_by_both_reviewers,COMPLEX_PHENOTYPE | Complex iNPH; within-group pre-post | Post-shunt Gait | Varied | SMCR | NA,COMPLEX_PHENOTYPE,FT-003,False,ANCHOR_LOST,"No alternative review is substituted unless it matches the same predictor, outcome, time, measure, and threshold."
robis_low_by_both_reviewers,COMPLEX_PHENOTYPE | Complex iNPH; within-group pre-post | Post-shunt General function | Varied | SMCR | NA,COMPLEX_PHENOTYPE,FT-003,False,ANCHOR_LOST,"No alternative review is substituted unless it matches the same predictor, outcome, time, measure, and threshold."
robis_low_by_both_reviewers,COMPLEX_PHENOTYPE | Complex iNPH; within-group pre-post | Post-shunt Incontinence | Varied | SMCR | NA,COMPLEX_PHENOTYPE,FT-003,False,ANCHOR_LOST,"No alternative review is substituted unless it matches the same predictor, outcome, time, measure, and threshold."
robis_low_by_both_reviewers,COMPLEX_PHENOTYPE | Complex minus pure iNPH phenotype | Difference in post-shunt Cognition change | Varied | Difference in SMCR | NA,COMPLEX_PHENOTYPE,FT-003,False,ANCHOR_LOST,"No alternative review is substituted unless it matches the same predictor, outcome, time, measure, and threshold."
robis_low_by_both_reviewers,COMPLEX_PHENOTYPE | Complex minus pure iNPH phenotype | Difference in post-shunt Gait change | Varied | Difference in SMCR | NA,COMPLEX_PHENOTYPE,FT-003,False,ANCHOR_LOST,"No alternative review is substituted unless it matches the same predictor, outcome, time, measure, and threshold."
robis_low_by_both_reviewers,COMPLEX_PHENOTYPE | Complex minus pure iNPH phenotype | Difference in post-shunt General function change | Varied | Difference in SMCR | NA,COMPLEX_PHENOTYPE,FT-003,False,ANCHOR_LOST,"No alternative review is substituted unless it matches the same predictor, outcome, time, measure, and threshold."
robis_low_by_both_reviewers,COMPLEX_PHENOTYPE | Complex minus pure iNPH phenotype | Difference in post-shunt Incontinence change | Varied | Difference in SMCR | NA,COMPLEX_PHENOTYPE,FT-003,False,ANCHOR_LOST,"No alternative review is substituted unless it matches the same predictor, outcome, time, measure, and threshold."
robis_low_by_both_reviewers,COMPLEX_PHENOTYPE | Phenotype × follow-up time | Incontinence trajectory | Months | Meta-regression beta (SMCR/month) | NA,COMPLEX_PHENOTYPE,FT-003,False,ANCHOR_LOST,"No alternative review is substituted unless it matches the same predictor, outcome, time, measure, and threshold."
robis_low_by_both_reviewers,ROUT_THRESHOLDS | Lumbar infusion test—Rout | Shunt response | 3–12 months | Sensitivity | Rout >12 mmHg/mL/min,ROUT_THRESHOLDS,FT-010,False,ANCHOR_LOST,"No alternative review is substituted unless it matches the same predictor, outcome, time, measure, and threshold."
robis_low_by_both_reviewers,ROUT_THRESHOLDS | Lumbar infusion test—Rout | Shunt response | 3–12 months | Specificity | Rout >12 mmHg/mL/min,ROUT_THRESHOLDS,FT-010,False,ANCHOR_LOST,"No alternative review is substituted unless it matches the same predictor, outcome, time, measure, and threshold."
robis_low_by_both_reviewers,ROUT_THRESHOLDS | Lumbar infusion test—Rout | Shunt nonresponse | 3–12 months | NPV at 65% response prevalence | Rout >12 mmHg/mL/min,ROUT_THRESHOLDS,FT-010,False,ANCHOR_LOST,"No alternative review is substituted unless it matches the same predictor, outcome, time, measure, and threshold."
robis_low_by_both_reviewers,ROUT_THRESHOLDS | Lumbar infusion test—Rout | Shunt response | 3–12 months | Sensitivity | Rout >14 mmHg/mL/min,ROUT_THRESHOLDS,FT-010,False,ANCHOR_LOST,"No alternative review is substituted unless it matches the same predictor, outcome, time, measure, and threshold."
robis_low_by_both_reviewers,ROUT_THRESHOLDS | Lumbar infusion test—Rout | Shunt response | 3–12 months | Specificity | Rout >14 mmHg/mL/min,ROUT_THRESHOLDS,FT-010,False,ANCHOR_LOST,"No alternative review is substituted unless it matches the same predictor, outcome, time, measure, and threshold."
robis_low_by_both_reviewers,ROUT_THRESHOLDS | Lumbar infusion test—Rout | Shunt nonresponse | 3–12 months | NPV at 65% response prevalence | Rout >14 mmHg/mL/min,ROUT_THRESHOLDS,FT-010,False,ANCHOR_LOST,"No alternative review is substituted unless it matches the same predictor, outcome, time, measure, and threshold."
robis_low_by_both_reviewers,ROUT_THRESHOLDS | Lumbar infusion test—Rout | Shunt response | 3–12 months | Sensitivity | Rout >18 mmHg/mL/min,ROUT_THRESHOLDS,FT-010,False,ANCHOR_LOST,"No alternative review is substituted unless it matches the same predictor, outcome, time, measure, and threshold."
robis_low_by_both_reviewers,ROUT_THRESHOLDS | Lumbar infusion test—Rout | Shunt response | 3–12 months | Specificity | Rout >18 mmHg/mL/min,ROUT_THRESHOLDS,FT-010,False,ANCHOR_LOST,"No alternative review is substituted unless it matches the same predictor, outcome, time, measure, and threshold."
robis_low_by_both_reviewers,ROUT_THRESHOLDS | Lumbar infusion test—Rout | Shunt nonresponse | 3–12 months | NPV at 65% response prevalence | Rout >18 mmHg/mL/min,ROUT_THRESHOLDS,FT-010,False,ANCHOR_LOST,"No alternative review is substituted unless it matches the same predictor, outcome, time, measure, and threshold."
robis_low_by_both_reviewers,TAP_TEST_DTA | CSF tap test | Post-shunt clinical response | Varied | Sensitivity | Study-specific,TAP_TEST_DTA,FT-012,False,ANCHOR_LOST,"No alternative review is substituted unless it matches the same predictor, outcome, time, measure, and threshold."
robis_low_by_both_reviewers,TAP_TEST_DTA | CSF tap test | Post-shunt clinical response | Varied | Specificity | Study-specific,TAP_TEST_DTA,FT-012,False,ANCHOR_LOST,"No alternative review is substituted unless it matches the same predictor, outcome, time, measure, and threshold."
robis_low_by_both_reviewers,LIT_DTA | Lumbar infusion test | Post-shunt clinical response | Varied | Sensitivity | Study-specific,LIT_DTA,FT-012,False,ANCHOR_LOST,"No alternative review is substituted unless it matches the same predictor, outcome, time, measure, and threshold."
robis_low_by_both_reviewers,LIT_DTA | Lumbar infusion test | Post-shunt clinical response | Varied | Specificity | Study-specific,LIT_DTA,FT-012,False,ANCHOR_LOST,"No alternative review is substituted unless it matches the same predictor, outcome, time, measure, and threshold."
robis_low_by_both_reviewers,STRUCTURAL_IMAGING | Callosal angle | Shunt responder vs nonresponder | Varied | DOR | Study-specific,STRUCTURAL_IMAGING,FT-028,False,ANCHOR_LOST,"No alternative review is substituted unless it matches the same predictor, outcome, time, measure, and threshold."
robis_low_by_both_reviewers,STRUCTURAL_IMAGING | Periventricular white matter changes | Shunt responder vs nonresponder | Varied | DOR | Study-specific,STRUCTURAL_IMAGING,FT-028,False,ANCHOR_LOST,"No alternative review is substituted unless it matches the same predictor, outcome, time, measure, and threshold."
robis_low_by_both_reviewers,STRUCTURAL_IMAGING | DESH | Shunt responder vs nonresponder | Varied | Pooled DOR | Study-specific,STRUCTURAL_IMAGING,FT-028,False,ANCHOR_LOST,"No alternative review is substituted unless it matches the same predictor, outcome, time, measure, and threshold."
robis_low_by_both_reviewers,STRUCTURAL_IMAGING | CT cisternography | Shunt responder vs nonresponder | Varied | Pooled DOR | Study-specific,STRUCTURAL_IMAGING,FT-028,False,ANCHOR_LOST,"No alternative review is substituted unless it matches the same predictor, outcome, time, measure, and threshold."
robis_low_by_both_reviewers,STRUCTURAL_IMAGING | Cerebral blood flow | Shunt responder vs nonresponder | Varied | Pooled DOR | Study-specific,STRUCTURAL_IMAGING,FT-028,False,ANCHOR_LOST,"No alternative review is substituted unless it matches the same predictor, outcome, time, measure, and threshold."
robis_low_by_both_reviewers,BIOMARKERS | CSF phosphorylated tau | Shunt responder vs nonresponder | Varied | SMD | Continuous biomarker,BIOMARKERS,FT-030,False,ANCHOR_LOST,"No alternative review is substituted unless it matches the same predictor, outcome, time, measure, and threshold."
robis_low_by_both_reviewers,BIOMARKERS | CSF total tau | Shunt responder vs nonresponder | Varied | SMD | Continuous biomarker,BIOMARKERS,FT-030,False,ANCHOR_LOST,"No alternative review is substituted unless it matches the same predictor, outcome, time, measure, and threshold."
robis_low_by_both_reviewers,BIOMARKERS | CSF amyloid-β42 | Shunt responder vs nonresponder | Varied | SMD | Continuous biomarker,BIOMARKERS,FT-030,False,ANCHOR_LOST,"No alternative review is substituted unless it matches the same predictor, outcome, time, measure, and threshold."
robis_low_by_both_reviewers,COMPARATIVE_PROGNOSTIC_TESTS | Intracranial pressure monitoring | Shunt response | Varied | DOR | Study-specific,COMPARATIVE_PROGNOSTIC_TESTS,FT-031,False,ANCHOR_LOST,"No alternative review is substituted unless it matches the same predictor, outcome, time, measure, and threshold."
robis_low_by_both_reviewers,COMPARATIVE_PROGNOSTIC_TESTS | Intracranial pressure monitoring | Shunt response | Varied | AUC | Study-specific,COMPARATIVE_PROGNOSTIC_TESTS,FT-031,False,ANCHOR_LOST,"No alternative review is substituted unless it matches the same predictor, outcome, time, measure, and threshold."
robis_low_by_both_reviewers,COMPARATIVE_PROGNOSTIC_TESTS | Extended lumbar drainage | Shunt response | Varied | DOR | Study-specific,COMPARATIVE_PROGNOSTIC_TESTS,FT-031,False,ANCHOR_LOST,"No alternative review is substituted unless it matches the same predictor, outcome, time, measure, and threshold."
robis_low_by_both_reviewers,COMPARATIVE_PROGNOSTIC_TESTS | Extended lumbar drainage | Shunt response | Varied | AUC | Study-specific,COMPARATIVE_PROGNOSTIC_TESTS,FT-031,False,ANCHOR_LOST,"No alternative review is substituted unless it matches the same predictor, outcome, time, measure, and threshold."
robis_low_by_both_reviewers,COMPARATIVE_PROGNOSTIC_TESTS | Infusion test | Shunt response | Varied | DOR | Study-specific,COMPARATIVE_PROGNOSTIC_TESTS,FT-031,False,ANCHOR_LOST,"No alternative review is substituted unless it matches the same predictor, outcome, time, measure, and threshold."
robis_low_by_both_reviewers,COMPARATIVE_PROGNOSTIC_TESTS | Infusion test | Shunt response | Varied | AUC | Study-specific,COMPARATIVE_PROGNOSTIC_TESTS,FT-031,False,ANCHOR_LOST,"No alternative review is substituted unless it matches the same predictor, outcome, time, measure, and threshold."
robis_low_by_both_reviewers,COMPARATIVE_PROGNOSTIC_TESTS | Tap test | Shunt response | Varied | DOR | Study-specific,COMPARATIVE_PROGNOSTIC_TESTS,FT-031,False,ANCHOR_LOST,"No alternative review is substituted unless it matches the same predictor, outcome, time, measure, and threshold."
robis_low_by_both_reviewers,COMPARATIVE_PROGNOSTIC_TESTS | Tap test | Shunt response | Varied | AUC | Study-specific,COMPARATIVE_PROGNOSTIC_TESTS,FT-031,False,ANCHOR_LOST,"No alternative review is substituted unless it matches the same predictor, outcome, time, measure, and threshold."
robis_low_by_both_reviewers,ELD_DTA | Extended lumbar drainage | Post-shunt response | Varied | Sensitivity | Study-specific ELD response,ELD_DTA,FT-036,False,ANCHOR_LOST,"No alternative review is substituted unless it matches the same predictor, outcome, time, measure, and threshold."
robis_low_by_both_reviewers,ELD_DTA | Extended lumbar drainage | Post-shunt response | Varied | Specificity | Study-specific ELD response,ELD_DTA,FT-036,False,ANCHOR_LOST,"No alternative review is substituted unless it matches the same predictor, outcome, time, measure, and threshold."
robis_low_by_both_reviewers,ELD_DTA | Extended lumbar drainage | Post-shunt response | Varied | PPV | Study-specific ELD response,ELD_DTA,FT-036,False,ANCHOR_LOST,"No alternative review is substituted unless it matches the same predictor, outcome, time, measure, and threshold."
robis_low_by_both_reviewers,ELD_DTA | Extended lumbar drainage | Post-shunt response | Varied | NPV | Study-specific ELD response,ELD_DTA,FT-036,False,ANCHOR_LOST,"No alternative review is substituted unless it matches the same predictor, outcome, time, measure, and threshold."
robis_low_by_both_reviewers,COGNITIVE_CHANGE | Digit Span backward | Post-shunt mean change | Post-shunt; varied | MD | NR,COGNITIVE_CHANGE,FT-002,False,ANCHOR_LOST,"No alternative review is substituted unless it matches the same predictor, outcome, time, measure, and threshold."
robis_low_by_both_reviewers,COGNITIVE_CHANGE | Frontal Assessment Battery | Post-shunt mean change | Post-shunt; varied | MD | NR,COGNITIVE_CHANGE,FT-002,False,ANCHOR_LOST,"No alternative review is substituted unless it matches the same predictor, outcome, time, measure, and threshold."
robis_low_by_both_reviewers,COGNITIVE_CHANGE | Trail Making Test B | Post-shunt mean change | Post-shunt; varied | MD | NR,COGNITIVE_CHANGE,FT-002,False,ANCHOR_LOST,"No alternative review is substituted unless it matches the same predictor, outcome, time, measure, and threshold."
robis_low_by_both_reviewers,COGNITIVE_CHANGE | Grooved Pegboard dominant | Post-shunt mean change | Post-shunt; varied | MD | NR,COGNITIVE_CHANGE,FT-002,False,ANCHOR_LOST,"No alternative review is substituted unless it matches the same predictor, outcome, time, measure, and threshold."
robis_low_by_both_reviewers,COGNITIVE_CHANGE | Trail Making Test A | Post-shunt mean change | Post-shunt; varied | MD | NR,COGNITIVE_CHANGE,FT-002,False,ANCHOR_LOST,"No alternative review is substituted unless it matches the same predictor, outcome, time, measure, and threshold."
robis_low_by_both_reviewers,COGNITIVE_CHANGE | RAVLT learning | Post-shunt mean change | Post-shunt; varied | MD | NR,COGNITIVE_CHANGE,FT-002,False,ANCHOR_LOST,"No alternative review is substituted unless it matches the same predictor, outcome, time, measure, and threshold."
robis_low_by_both_reviewers,COGNITIVE_CHANGE | RAVLT delayed | Post-shunt mean change | Post-shunt; varied | MD | NR,COGNITIVE_CHANGE,FT-002,False,ANCHOR_LOST,"No alternative review is substituted unless it matches the same predictor, outcome, time, measure, and threshold."
robis_low_by_both_reviewers,COGNITIVE_CHANGE | MoCA | Post-shunt mean change | Post-shunt; varied | MD | NR,COGNITIVE_CHANGE,FT-002,False,ANCHOR_LOST,"No alternative review is substituted unless it matches the same predictor, outcome, time, measure, and threshold."
robis_low_by_both_reviewers,COGNITIVE_CHANGE | MMSE | Post-shunt mean change | Post-shunt; varied | MD | NR,COGNITIVE_CHANGE,FT-002,False,ANCHOR_LOST,"No alternative review is substituted unless it matches the same predictor, outcome, time, measure, and threshold."
robis_low_by_both_reviewers,SURVIVAL | Poor vs good gait score | Overall survival | Long-term post-shunt | HR | NR,SURVIVAL,FT-019,False,ANCHOR_LOST,"No alternative review is substituted unless it matches the same predictor, outcome, time, measure, and threshold."
robis_low_by_both_reviewers,SURVIVAL | Poor vs good continence score | Overall survival | Long-term post-shunt | HR | NR,SURVIVAL,FT-019,False,ANCHOR_LOST,"No alternative review is substituted unless it matches the same predictor, outcome, time, measure, and threshold."
robis_low_by_both_reviewers,SURVIVAL | mRS ≥3 vs 0–2 | Overall survival | Long-term post-shunt | HR | NR,SURVIVAL,FT-019,False,ANCHOR_LOST,"No alternative review is substituted unless it matches the same predictor, outcome, time, measure, and threshold."
robis_low_by_both_reviewers,SURVIVAL | All shunted NPH | Median survival | Long-term post-shunt | Median | NR,SURVIVAL,FT-019,False,ANCHOR_LOST,"No alternative review is substituted unless it matches the same predictor, outcome, time, measure, and threshold."
robis_low_by_both_reviewers,GAIT_CHANGE | Tap responders | Gait velocity after tap | After CSF tap test | Hedges g | NR,GAIT_CHANGE,FT-024,False,ANCHOR_LOST,"No alternative review is substituted unless it matches the same predictor, outcome, time, measure, and threshold."
robis_low_by_both_reviewers,STRUCTURAL_IMAGING | DESH | Sensitivity | Varied | Sensitivity | NR,STRUCTURAL_IMAGING,FT-032,False,ANCHOR_LOST,"No alternative review is substituted unless it matches the same predictor, outcome, time, measure, and threshold."
robis_low_by_both_reviewers,STRUCTURAL_IMAGING | DESH | Specificity | Varied | Specificity | NR,STRUCTURAL_IMAGING,FT-032,False,ANCHOR_LOST,"No alternative review is substituted unless it matches the same predictor, outcome, time, measure, and threshold."
robis_low_by_both_reviewers,STRUCTURAL_IMAGING | DESH | Discrimination | Varied | AUC | NR,STRUCTURAL_IMAGING,FT-032,False,ANCHOR_LOST,"No alternative review is substituted unless it matches the same predictor, outcome, time, measure, and threshold."
robis_low_by_both_reviewers,STRUCTURAL_IMAGING | DESH | Prevalence in iNPH | Varied | Proportion | NR,STRUCTURAL_IMAGING,FT-032,False,ANCHOR_LOST,"No alternative review is substituted unless it matches the same predictor, outcome, time, measure, and threshold."
robis_not_high_by_either_reviewer,COGNITIVE_CHANGE | Shunt surgery | Any cognitive improvement | Post-shunt; varied | Pooled proportion (%) | NA,COGNITIVE_CHANGE,FT-002,False,ANCHOR_LOST,"No alternative review is substituted unless it matches the same predictor, outcome, time, measure, and threshold."
robis_not_high_by_either_reviewer,COGNITIVE_CHANGE | Shunt surgery | Objectively defined cognitive improvement | Post-shunt; varied | Pooled proportion (%) | NA,COGNITIVE_CHANGE,FT-002,False,ANCHOR_LOST,"No alternative review is substituted unless it matches the same predictor, outcome, time, measure, and threshold."
robis_not_high_by_either_reviewer,COMPLEX_PHENOTYPE | Complex vs pure iNPH phenotype | Global shunt response | Varied follow-up | OR | NA,COMPLEX_PHENOTYPE,FT-003,False,ANCHOR_LOST,"No alternative review is substituted unless it matches the same predictor, outcome, time, measure, and threshold."
robis_not_high_by_either_reviewer,COMPLEX_PHENOTYPE | Complex vs pure iNPH phenotype | Urinary improvement | Mean ~4 months / varied | OR | NA,COMPLEX_PHENOTYPE,FT-003,False,ANCHOR_LOST,"No alternative review is substituted unless it matches the same predictor, outcome, time, measure, and threshold."
robis_not_high_by_either_reviewer,COMPLEX_PHENOTYPE | Complex iNPH; within-group pre-post | Post-shunt Cognition | Varied | SMCR | NA,COMPLEX_PHENOTYPE,FT-003,False,ANCHOR_LOST,"No alternative review is substituted unless it matches the same predictor, outcome, time, measure, and threshold."
robis_not_high_by_either_reviewer,COMPLEX_PHENOTYPE | Complex iNPH; within-group pre-post | Post-shunt Gait | Varied | SMCR | NA,COMPLEX_PHENOTYPE,FT-003,False,ANCHOR_LOST,"No alternative review is substituted unless it matches the same predictor, outcome, time, measure, and threshold."
robis_not_high_by_either_reviewer,COMPLEX_PHENOTYPE | Complex iNPH; within-group pre-post | Post-shunt General function | Varied | SMCR | NA,COMPLEX_PHENOTYPE,FT-003,False,ANCHOR_LOST,"No alternative review is substituted unless it matches the same predictor, outcome, time, measure, and threshold."
robis_not_high_by_either_reviewer,COMPLEX_PHENOTYPE | Complex iNPH; within-group pre-post | Post-shunt Incontinence | Varied | SMCR | NA,COMPLEX_PHENOTYPE,FT-003,False,ANCHOR_LOST,"No alternative review is substituted unless it matches the same predictor, outcome, time, measure, and threshold."
robis_not_high_by_either_reviewer,COMPLEX_PHENOTYPE | Complex minus pure iNPH phenotype | Difference in post-shunt Cognition change | Varied | Difference in SMCR | NA,COMPLEX_PHENOTYPE,FT-003,False,ANCHOR_LOST,"No alternative review is substituted unless it matches the same predictor, outcome, time, measure, and threshold."
robis_not_high_by_either_reviewer,COMPLEX_PHENOTYPE | Complex minus pure iNPH phenotype | Difference in post-shunt Gait change | Varied | Difference in SMCR | NA,COMPLEX_PHENOTYPE,FT-003,False,ANCHOR_LOST,"No alternative review is substituted unless it matches the same predictor, outcome, time, measure, and threshold."
robis_not_high_by_either_reviewer,COMPLEX_PHENOTYPE | Complex minus pure iNPH phenotype | Difference in post-shunt General function change | Varied | Difference in SMCR | NA,COMPLEX_PHENOTYPE,FT-003,False,ANCHOR_LOST,"No alternative review is substituted unless it matches the same predictor, outcome, time, measure, and threshold."
robis_not_high_by_either_reviewer,COMPLEX_PHENOTYPE | Complex minus pure iNPH phenotype | Difference in post-shunt Incontinence change | Varied | Difference in SMCR | NA,COMPLEX_PHENOTYPE,FT-003,False,ANCHOR_LOST,"No alternative review is substituted unless it matches the same predictor, outcome, time, measure, and threshold."
robis_not_high_by_either_reviewer,COMPLEX_PHENOTYPE | Phenotype × follow-up time | Incontinence trajectory | Months | Meta-regression beta (SMCR/month) | NA,COMPLEX_PHENOTYPE,FT-003,False,ANCHOR_LOST,"No alternative review is substituted unless it matches the same predictor, outcome, time, measure, and threshold."
robis_not_high_by_either_reviewer,ROUT_THRESHOLDS | Lumbar infusion test—Rout | Shunt response | 3–12 months | Sensitivity | Rout >12 mmHg/mL/min,ROUT_THRESHOLDS,FT-010,False,ANCHOR_LOST,"No alternative review is substituted unless it matches the same predictor, outcome, time, measure, and threshold."
robis_not_high_by_either_reviewer,ROUT_THRESHOLDS | Lumbar infusion test—Rout | Shunt response | 3–12 months | Specificity | Rout >12 mmHg/mL/min,ROUT_THRESHOLDS,FT-010,False,ANCHOR_LOST,"No alternative review is substituted unless it matches the same predictor, outcome, time, measure, and threshold."
robis_not_high_by_either_reviewer,ROUT_THRESHOLDS | Lumbar infusion test—Rout | Shunt nonresponse | 3–12 months | NPV at 65% response prevalence | Rout >12 mmHg/mL/min,ROUT_THRESHOLDS,FT-010,False,ANCHOR_LOST,"No alternative review is substituted unless it matches the same predictor, outcome, time, measure, and threshold."
robis_not_high_by_either_reviewer,ROUT_THRESHOLDS | Lumbar infusion test—Rout | Shunt response | 3–12 months | Sensitivity | Rout >14 mmHg/mL/min,ROUT_THRESHOLDS,FT-010,False,ANCHOR_LOST,"No alternative review is substituted unless it matches the same predictor, outcome, time, measure, and threshold."
robis_not_high_by_either_reviewer,ROUT_THRESHOLDS | Lumbar infusion test—Rout | Shunt response | 3–12 months | Specificity | Rout >14 mmHg/mL/min,ROUT_THRESHOLDS,FT-010,False,ANCHOR_LOST,"No alternative review is substituted unless it matches the same predictor, outcome, time, measure, and threshold."
robis_not_high_by_either_reviewer,ROUT_THRESHOLDS | Lumbar infusion test—Rout | Shunt nonresponse | 3–12 months | NPV at 65% response prevalence | Rout >14 mmHg/mL/min,ROUT_THRESHOLDS,FT-010,False,ANCHOR_LOST,"No alternative review is substituted unless it matches the same predictor, outcome, time, measure, and threshold."
robis_not_high_by_either_reviewer,ROUT_THRESHOLDS | Lumbar infusion test—Rout | Shunt response | 3–12 months | Sensitivity | Rout >18 mmHg/mL/min,ROUT_THRESHOLDS,FT-010,False,ANCHOR_LOST,"No alternative review is substituted unless it matches the same predictor, outcome, time, measure, and threshold."
robis_not_high_by_either_reviewer,ROUT_THRESHOLDS | Lumbar infusion test—Rout | Shunt response | 3–12 months | Specificity | Rout >18 mmHg/mL/min,ROUT_THRESHOLDS,FT-010,False,ANCHOR_LOST,"No alternative review is substituted unless it matches the same predictor, outcome, time, measure, and threshold."
robis_not_high_by_either_reviewer,ROUT_THRESHOLDS | Lumbar infusion test—Rout | Shunt nonresponse | 3–12 months | NPV at 65% response prevalence | Rout >18 mmHg/mL/min,ROUT_THRESHOLDS,FT-010,False,ANCHOR_LOST,"No alternative review is substituted unless it matches the same predictor, outcome, time, measure, and threshold."
robis_not_high_by_either_reviewer,TAP_TEST_DTA | CSF tap test | Post-shunt clinical response | Varied | Sensitivity | Study-specific,TAP_TEST_DTA,FT-012,False,ANCHOR_LOST,"No alternative review is substituted unless it matches the same predictor, outcome, time, measure, and threshold."
robis_not_high_by_either_reviewer,TAP_TEST_DTA | CSF tap test | Post-shunt clinical response | Varied | Specificity | Study-specific,TAP_TEST_DTA,FT-012,False,ANCHOR_LOST,"No alternative review is substituted unless it matches the same predictor, outcome, time, measure, and threshold."
robis_not_high_by_either_reviewer,LIT_DTA | Lumbar infusion test | Post-shunt clinical response | Varied | Sensitivity | Study-specific,LIT_DTA,FT-012,False,ANCHOR_LOST,"No alternative review is substituted unless it matches the same predictor, outcome, time, measure, and threshold."
robis_not_high_by_either_reviewer,LIT_DTA | Lumbar infusion test | Post-shunt clinical response | Varied | Specificity | Study-specific,LIT_DTA,FT-012,False,ANCHOR_LOST,"No alternative review is substituted unless it matches the same predictor, outcome, time, measure, and threshold."
robis_not_high_by_either_reviewer,STRUCTURAL_IMAGING | Callosal angle | Shunt responder vs nonresponder | Varied | DOR | Study-specific,STRUCTURAL_IMAGING,FT-028,False,ANCHOR_LOST,"No alternative review is substituted unless it matches the same predictor, outcome, time, measure, and threshold."
robis_not_high_by_either_reviewer,STRUCTURAL_IMAGING | Periventricular white matter changes | Shunt responder vs nonresponder | Varied | DOR | Study-specific,STRUCTURAL_IMAGING,FT-028,False,ANCHOR_LOST,"No alternative review is substituted unless it matches the same predictor, outcome, time, measure, and threshold."
robis_not_high_by_either_reviewer,STRUCTURAL_IMAGING | DESH | Shunt responder vs nonresponder | Varied | Pooled DOR | Study-specific,STRUCTURAL_IMAGING,FT-028,False,ANCHOR_LOST,"No alternative review is substituted unless it matches the same predictor, outcome, time, measure, and threshold."
robis_not_high_by_either_reviewer,STRUCTURAL_IMAGING | CT cisternography | Shunt responder vs nonresponder | Varied | Pooled DOR | Study-specific,STRUCTURAL_IMAGING,FT-028,False,ANCHOR_LOST,"No alternative review is substituted unless it matches the same predictor, outcome, time, measure, and threshold."
robis_not_high_by_either_reviewer,STRUCTURAL_IMAGING | Cerebral blood flow | Shunt responder vs nonresponder | Varied | Pooled DOR | Study-specific,STRUCTURAL_IMAGING,FT-028,False,ANCHOR_LOST,"No alternative review is substituted unless it matches the same predictor, outcome, time, measure, and threshold."
robis_not_high_by_either_reviewer,BIOMARKERS | CSF phosphorylated tau | Shunt responder vs nonresponder | Varied | SMD | Continuous biomarker,BIOMARKERS,FT-030,False,ANCHOR_LOST,"No alternative review is substituted unless it matches the same predictor, outcome, time, measure, and threshold."
robis_not_high_by_either_reviewer,BIOMARKERS | CSF total tau | Shunt responder vs nonresponder | Varied | SMD | Continuous biomarker,BIOMARKERS,FT-030,False,ANCHOR_LOST,"No alternative review is substituted unless it matches the same predictor, outcome, time, measure, and threshold."
robis_not_high_by_either_reviewer,BIOMARKERS | CSF amyloid-β42 | Shunt responder vs nonresponder | Varied | SMD | Continuous biomarker,BIOMARKERS,FT-030,False,ANCHOR_LOST,"No alternative review is substituted unless it matches the same predictor, outcome, time, measure, and threshold."
robis_not_high_by_either_reviewer,COMPARATIVE_PROGNOSTIC_TESTS | Intracranial pressure monitoring | Shunt response | Varied | DOR | Study-specific,COMPARATIVE_PROGNOSTIC_TESTS,FT-031,False,ANCHOR_LOST,"No alternative review is substituted unless it matches the same predictor, outcome, time, measure, and threshold."
robis_not_high_by_either_reviewer,COMPARATIVE_PROGNOSTIC_TESTS | Intracranial pressure monitoring | Shunt response | Varied | AUC | Study-specific,COMPARATIVE_PROGNOSTIC_TESTS,FT-031,False,ANCHOR_LOST,"No alternative review is substituted unless it matches the same predictor, outcome, time, measure, and threshold."
robis_not_high_by_either_reviewer,COMPARATIVE_PROGNOSTIC_TESTS | Extended lumbar drainage | Shunt response | Varied | DOR | Study-specific,COMPARATIVE_PROGNOSTIC_TESTS,FT-031,False,ANCHOR_LOST,"No alternative review is substituted unless it matches the same predictor, outcome, time, measure, and threshold."
robis_not_high_by_either_reviewer,COMPARATIVE_PROGNOSTIC_TESTS | Extended lumbar drainage | Shunt response | Varied | AUC | Study-specific,COMPARATIVE_PROGNOSTIC_TESTS,FT-031,False,ANCHOR_LOST,"No alternative review is substituted unless it matches the same predictor, outcome, time, measure, and threshold."
robis_not_high_by_either_reviewer,COMPARATIVE_PROGNOSTIC_TESTS | Infusion test | Shunt response | Varied | DOR | Study-specific,COMPARATIVE_PROGNOSTIC_TESTS,FT-031,False,ANCHOR_LOST,"No alternative review is substituted unless it matches the same predictor, outcome, time, measure, and threshold."
robis_not_high_by_either_reviewer,COMPARATIVE_PROGNOSTIC_TESTS | Infusion test | Shunt response | Varied | AUC | Study-specific,COMPARATIVE_PROGNOSTIC_TESTS,FT-031,False,ANCHOR_LOST,"No alternative review is substituted unless it matches the same predictor, outcome, time, measure, and threshold."
robis_not_high_by_either_reviewer,COMPARATIVE_PROGNOSTIC_TESTS | Tap test | Shunt response | Varied | DOR | Study-specific,COMPARATIVE_PROGNOSTIC_TESTS,FT-031,False,ANCHOR_LOST,"No alternative review is substituted unless it matches the same predictor, outcome, time, measure, and threshold."
robis_not_high_by_either_reviewer,COMPARATIVE_PROGNOSTIC_TESTS | Tap test | Shunt response | Varied | AUC | Study-specific,COMPARATIVE_PROGNOSTIC_TESTS,FT-031,False,ANCHOR_LOST,"No alternative review is substituted unless it matches the same predictor, outcome, time, measure, and threshold."
robis_not_high_by_either_reviewer,ELD_DTA | Extended lumbar drainage | Post-shunt response | Varied | Sensitivity | Study-specific ELD response,ELD_DTA,FT-036,False,ANCHOR_LOST,"No alternative review is substituted unless it matches the same predictor, outcome, time, measure, and threshold."
robis_not_high_by_either_reviewer,ELD_DTA | Extended lumbar drainage | Post-shunt response | Varied | Specificity | Study-specific ELD response,ELD_DTA,FT-036,False,ANCHOR_LOST,"No alternative review is substituted unless it matches the same predictor, outcome, time, measure, and threshold."
robis_not_high_by_either_reviewer,ELD_DTA | Extended lumbar drainage | Post-shunt response | Varied | PPV | Study-specific ELD response,ELD_DTA,FT-036,False,ANCHOR_LOST,"No alternative review is substituted unless it matches the same predictor, outcome, time, measure, and threshold."
robis_not_high_by_either_reviewer,ELD_DTA | Extended lumbar drainage | Post-shunt response | Varied | NPV | Study-specific ELD response,ELD_DTA,FT-036,False,ANCHOR_LOST,"No alternative review is substituted unless it matches the same predictor, outcome, time, measure, and threshold."
robis_not_high_by_either_reviewer,COGNITIVE_CHANGE | Digit Span backward | Post-shunt mean change | Post-shunt; varied | MD | NR,COGNITIVE_CHANGE,FT-002,False,ANCHOR_LOST,"No alternative review is substituted unless it matches the same predictor, outcome, time, measure, and threshold."
robis_not_high_by_either_reviewer,COGNITIVE_CHANGE | Frontal Assessment Battery | Post-shunt mean change | Post-shunt; varied | MD | NR,COGNITIVE_CHANGE,FT-002,False,ANCHOR_LOST,"No alternative review is substituted unless it matches the same predictor, outcome, time, measure, and threshold."
robis_not_high_by_either_reviewer,COGNITIVE_CHANGE | Trail Making Test B | Post-shunt mean change | Post-shunt; varied | MD | NR,COGNITIVE_CHANGE,FT-002,False,ANCHOR_LOST,"No alternative review is substituted unless it matches the same predictor, outcome, time, measure, and threshold."
robis_not_high_by_either_reviewer,COGNITIVE_CHANGE | Grooved Pegboard dominant | Post-shunt mean change | Post-shunt; varied | MD | NR,COGNITIVE_CHANGE,FT-002,False,ANCHOR_LOST,"No alternative review is substituted unless it matches the same predictor, outcome, time, measure, and threshold."
robis_not_high_by_either_reviewer,COGNITIVE_CHANGE | Trail Making Test A | Post-shunt mean change | Post-shunt; varied | MD | NR,COGNITIVE_CHANGE,FT-002,False,ANCHOR_LOST,"No alternative review is substituted unless it matches the same predictor, outcome, time, measure, and threshold."
robis_not_high_by_either_reviewer,COGNITIVE_CHANGE | RAVLT learning | Post-shunt mean change | Post-shunt; varied | MD | NR,COGNITIVE_CHANGE,FT-002,False,ANCHOR_LOST,"No alternative review is substituted unless it matches the same predictor, outcome, time, measure, and threshold."
robis_not_high_by_either_reviewer,COGNITIVE_CHANGE | RAVLT delayed | Post-shunt mean change | Post-shunt; varied | MD | NR,COGNITIVE_CHANGE,FT-002,False,ANCHOR_LOST,"No alternative review is substituted unless it matches the same predictor, outcome, time, measure, and threshold."
robis_not_high_by_either_reviewer,COGNITIVE_CHANGE | MoCA | Post-shunt mean change | Post-shunt; varied | MD | NR,COGNITIVE_CHANGE,FT-002,False,ANCHOR_LOST,"No alternative review is substituted unless it matches the same predictor, outcome, time, measure, and threshold."
robis_not_high_by_either_reviewer,COGNITIVE_CHANGE | MMSE | Post-shunt mean change | Post-shunt; varied | MD | NR,COGNITIVE_CHANGE,FT-002,False,ANCHOR_LOST,"No alternative review is substituted unless it matches the same predictor, outcome, time, measure, and threshold."
robis_not_high_by_either_reviewer,SURVIVAL | Poor vs good gait score | Overall survival | Long-term post-shunt | HR | NR,SURVIVAL,FT-019,False,ANCHOR_LOST,"No alternative review is substituted unless it matches the same predictor, outcome, time, measure, and threshold."
robis_not_high_by_either_reviewer,SURVIVAL | Poor vs good continence score | Overall survival | Long-term post-shunt | HR | NR,SURVIVAL,FT-019,False,ANCHOR_LOST,"No alternative review is substituted unless it matches the same predictor, outcome, time, measure, and threshold."
robis_not_high_by_either_reviewer,SURVIVAL | mRS ≥3 vs 0–2 | Overall survival | Long-term post-shunt | HR | NR,SURVIVAL,FT-019,False,ANCHOR_LOST,"No alternative review is substituted unless it matches the same predictor, outcome, time, measure, and threshold."
robis_not_high_by_either_reviewer,SURVIVAL | All shunted NPH | Median survival | Long-term post-shunt | Median | NR,SURVIVAL,FT-019,False,ANCHOR_LOST,"No alternative review is substituted unless it matches the same predictor, outcome, time, measure, and threshold."
robis_not_high_by_either_reviewer,GAIT_CHANGE | Tap responders | Gait velocity after tap | After CSF tap test | Hedges g | NR,GAIT_CHANGE,FT-024,False,ANCHOR_LOST,"No alternative review is substituted unless it matches the same predictor, outcome, time, measure, and threshold."
robis_not_high_by_either_reviewer,STRUCTURAL_IMAGING | DESH | Sensitivity | Varied | Sensitivity | NR,STRUCTURAL_IMAGING,FT-032,False,ANCHOR_LOST,"No alternative review is substituted unless it matches the same predictor, outcome, time, measure, and threshold."
robis_not_high_by_either_reviewer,STRUCTURAL_IMAGING | DESH | Specificity | Varied | Specificity | NR,STRUCTURAL_IMAGING,FT-032,False,ANCHOR_LOST,"No alternative review is substituted unless it matches the same predictor, outcome, time, measure, and threshold."
robis_not_high_by_either_reviewer,STRUCTURAL_IMAGING | DESH | Discrimination | Varied | AUC | NR,STRUCTURAL_IMAGING,FT-032,False,ANCHOR_LOST,"No alternative review is substituted unless it matches the same predictor, outcome, time, measure, and threshold."
robis_not_high_by_either_reviewer,STRUCTURAL_IMAGING | DESH | Prevalence in iNPH | Varied | Proportion | NR,STRUCTURAL_IMAGING,FT-032,False,ANCHOR_LOST,"No alternative review is substituted unless it matches the same predictor, outcome, time, measure, and threshold."
explicitly_validated_inph_shunt_response_threshold,COGNITIVE_CHANGE | Shunt surgery | Any cognitive improvement | Post-shunt; varied | Pooled proportion (%) | NA,COGNITIVE_CHANGE,FT-002,False,ANCHOR_LOST,"No alternative review is substituted unless it matches the same predictor, outcome, time, measure, and threshold."
explicitly_validated_inph_shunt_response_threshold,COGNITIVE_CHANGE | Shunt surgery | Objectively defined cognitive improvement | Post-shunt; varied | Pooled proportion (%) | NA,COGNITIVE_CHANGE,FT-002,False,ANCHOR_LOST,"No alternative review is substituted unless it matches the same predictor, outcome, time, measure, and threshold."
explicitly_validated_inph_shunt_response_threshold,COMPLEX_PHENOTYPE | Complex vs pure iNPH phenotype | Global shunt response | Varied follow-up | OR | NA,COMPLEX_PHENOTYPE,FT-003,False,ANCHOR_LOST,"No alternative review is substituted unless it matches the same predictor, outcome, time, measure, and threshold."
explicitly_validated_inph_shunt_response_threshold,COMPLEX_PHENOTYPE | Complex vs pure iNPH phenotype | Urinary improvement | Mean ~4 months / varied | OR | NA,COMPLEX_PHENOTYPE,FT-003,False,ANCHOR_LOST,"No alternative review is substituted unless it matches the same predictor, outcome, time, measure, and threshold."
explicitly_validated_inph_shunt_response_threshold,COMPLEX_PHENOTYPE | Complex iNPH; within-group pre-post | Post-shunt Cognition | Varied | SMCR | NA,COMPLEX_PHENOTYPE,FT-003,False,ANCHOR_LOST,"No alternative review is substituted unless it matches the same predictor, outcome, time, measure, and threshold."
explicitly_validated_inph_shunt_response_threshold,COMPLEX_PHENOTYPE | Complex iNPH; within-group pre-post | Post-shunt Gait | Varied | SMCR | NA,COMPLEX_PHENOTYPE,FT-003,False,ANCHOR_LOST,"No alternative review is substituted unless it matches the same predictor, outcome, time, measure, and threshold."
explicitly_validated_inph_shunt_response_threshold,COMPLEX_PHENOTYPE | Complex iNPH; within-group pre-post | Post-shunt General function | Varied | SMCR | NA,COMPLEX_PHENOTYPE,FT-003,False,ANCHOR_LOST,"No alternative review is substituted unless it matches the same predictor, outcome, time, measure, and threshold."
explicitly_validated_inph_shunt_response_threshold,COMPLEX_PHENOTYPE | Complex iNPH; within-group pre-post | Post-shunt Incontinence | Varied | SMCR | NA,COMPLEX_PHENOTYPE,FT-003,False,ANCHOR_LOST,"No alternative review is substituted unless it matches the same predictor, outcome, time, measure, and threshold."
explicitly_validated_inph_shunt_response_threshold,COMPLEX_PHENOTYPE | Complex minus pure iNPH phenotype | Difference in post-shunt Cognition change | Varied | Difference in SMCR | NA,COMPLEX_PHENOTYPE,FT-003,False,ANCHOR_LOST,"No alternative review is substituted unless it matches the same predictor, outcome, time, measure, and threshold."
explicitly_validated_inph_shunt_response_threshold,COMPLEX_PHENOTYPE | Complex minus pure iNPH phenotype | Difference in post-shunt Gait change | Varied | Difference in SMCR | NA,COMPLEX_PHENOTYPE,FT-003,False,ANCHOR_LOST,"No alternative review is substituted unless it matches the same predictor, outcome, time, measure, and threshold."
explicitly_validated_inph_shunt_response_threshold,COMPLEX_PHENOTYPE | Complex minus pure iNPH phenotype | Difference in post-shunt General function change | Varied | Difference in SMCR | NA,COMPLEX_PHENOTYPE,FT-003,False,ANCHOR_LOST,"No alternative review is substituted unless it matches the same predictor, outcome, time, measure, and threshold."
explicitly_validated_inph_shunt_response_threshold,COMPLEX_PHENOTYPE | Complex minus pure iNPH phenotype | Difference in post-shunt Incontinence change | Varied | Difference in SMCR | NA,COMPLEX_PHENOTYPE,FT-003,False,ANCHOR_LOST,"No alternative review is substituted unless it matches the same predictor, outcome, time, measure, and threshold."
explicitly_validated_inph_shunt_response_threshold,COMPLEX_PHENOTYPE | Phenotype × follow-up time | Incontinence trajectory | Months | Meta-regression beta (SMCR/month) | NA,COMPLEX_PHENOTYPE,FT-003,False,ANCHOR_LOST,"No alternative review is substituted unless it matches the same predictor, outcome, time, measure, and threshold."
explicitly_validated_inph_shunt_response_threshold,ROUT_THRESHOLDS | Lumbar infusion test—Rout | Shunt response | 3–12 months | Sensitivity | Rout >12 mmHg/mL/min,ROUT_THRESHOLDS,FT-010,False,ANCHOR_LOST,"No alternative review is substituted unless it matches the same predictor, outcome, time, measure, and threshold."
explicitly_validated_inph_shunt_response_threshold,ROUT_THRESHOLDS | Lumbar infusion test—Rout | Shunt response | 3–12 months | Specificity | Rout >12 mmHg/mL/min,ROUT_THRESHOLDS,FT-010,False,ANCHOR_LOST,"No alternative review is substituted unless it matches the same predictor, outcome, time, measure, and threshold."
explicitly_validated_inph_shunt_response_threshold,ROUT_THRESHOLDS | Lumbar infusion test—Rout | Shunt nonresponse | 3–12 months | NPV at 65% response prevalence | Rout >12 mmHg/mL/min,ROUT_THRESHOLDS,FT-010,False,ANCHOR_LOST,"No alternative review is substituted unless it matches the same predictor, outcome, time, measure, and threshold."
explicitly_validated_inph_shunt_response_threshold,ROUT_THRESHOLDS | Lumbar infusion test—Rout | Shunt response | 3–12 months | Sensitivity | Rout >14 mmHg/mL/min,ROUT_THRESHOLDS,FT-010,False,ANCHOR_LOST,"No alternative review is substituted unless it matches the same predictor, outcome, time, measure, and threshold."
explicitly_validated_inph_shunt_response_threshold,ROUT_THRESHOLDS | Lumbar infusion test—Rout | Shunt response | 3–12 months | Specificity | Rout >14 mmHg/mL/min,ROUT_THRESHOLDS,FT-010,False,ANCHOR_LOST,"No alternative review is substituted unless it matches the same predictor, outcome, time, measure, and threshold."
explicitly_validated_inph_shunt_response_threshold,ROUT_THRESHOLDS | Lumbar infusion test—Rout | Shunt nonresponse | 3–12 months | NPV at 65% response prevalence | Rout >14 mmHg/mL/min,ROUT_THRESHOLDS,FT-010,False,ANCHOR_LOST,"No alternative review is substituted unless it matches the same predictor, outcome, time, measure, and threshold."
explicitly_validated_inph_shunt_response_threshold,ROUT_THRESHOLDS | Lumbar infusion test—Rout | Shunt response | 3–12 months | Sensitivity | Rout >18 mmHg/mL/min,ROUT_THRESHOLDS,FT-010,False,ANCHOR_LOST,"No alternative review is substituted unless it matches the same predictor, outcome, time, measure, and threshold."
explicitly_validated_inph_shunt_response_threshold,ROUT_THRESHOLDS | Lumbar infusion test—Rout | Shunt response | 3–12 months | Specificity | Rout >18 mmHg/mL/min,ROUT_THRESHOLDS,FT-010,False,ANCHOR_LOST,"No alternative review is substituted unless it matches the same predictor, outcome, time, measure, and threshold."
explicitly_validated_inph_shunt_response_threshold,ROUT_THRESHOLDS | Lumbar infusion test—Rout | Shunt nonresponse | 3–12 months | NPV at 65% response prevalence | Rout >18 mmHg/mL/min,ROUT_THRESHOLDS,FT-010,False,ANCHOR_LOST,"No alternative review is substituted unless it matches the same predictor, outcome, time, measure, and threshold."
explicitly_validated_inph_shunt_response_threshold,TAP_TEST_DTA | CSF tap test | Post-shunt clinical response | Varied | Sensitivity | Study-specific,TAP_TEST_DTA,FT-012,False,ANCHOR_LOST,"No alternative review is substituted unless it matches the same predictor, outcome, time, measure, and threshold."
explicitly_validated_inph_shunt_response_threshold,TAP_TEST_DTA | CSF tap test | Post-shunt clinical response | Varied | Specificity | Study-specific,TAP_TEST_DTA,FT-012,False,ANCHOR_LOST,"No alternative review is substituted unless it matches the same predictor, outcome, time, measure, and threshold."
explicitly_validated_inph_shunt_response_threshold,LIT_DTA | Lumbar infusion test | Post-shunt clinical response | Varied | Sensitivity | Study-specific,LIT_DTA,FT-012,False,ANCHOR_LOST,"No alternative review is substituted unless it matches the same predictor, outcome, time, measure, and threshold."
explicitly_validated_inph_shunt_response_threshold,LIT_DTA | Lumbar infusion test | Post-shunt clinical response | Varied | Specificity | Study-specific,LIT_DTA,FT-012,False,ANCHOR_LOST,"No alternative review is substituted unless it matches the same predictor, outcome, time, measure, and threshold."
explicitly_validated_inph_shunt_response_threshold,STRUCTURAL_IMAGING | Callosal angle | Shunt responder vs nonresponder | Varied | DOR | Study-specific,STRUCTURAL_IMAGING,FT-028,False,ANCHOR_LOST,"No alternative review is substituted unless it matches the same predictor, outcome, time, measure, and threshold."
explicitly_validated_inph_shunt_response_threshold,STRUCTURAL_IMAGING | Periventricular white matter changes | Shunt responder vs nonresponder | Varied | DOR | Study-specific,STRUCTURAL_IMAGING,FT-028,False,ANCHOR_LOST,"No alternative review is substituted unless it matches the same predictor, outcome, time, measure, and threshold."
explicitly_validated_inph_shunt_response_threshold,STRUCTURAL_IMAGING | DESH | Shunt responder vs nonresponder | Varied | Pooled DOR | Study-specific,STRUCTURAL_IMAGING,FT-028,False,ANCHOR_LOST,"No alternative review is substituted unless it matches the same predictor, outcome, time, measure, and threshold."
explicitly_validated_inph_shunt_response_threshold,STRUCTURAL_IMAGING | CT cisternography | Shunt responder vs nonresponder | Varied | Pooled DOR | Study-specific,STRUCTURAL_IMAGING,FT-028,False,ANCHOR_LOST,"No alternative review is substituted unless it matches the same predictor, outcome, time, measure, and threshold."
explicitly_validated_inph_shunt_response_threshold,STRUCTURAL_IMAGING | Cerebral blood flow | Shunt responder vs nonresponder | Varied | Pooled DOR | Study-specific,STRUCTURAL_IMAGING,FT-028,False,ANCHOR_LOST,"No alternative review is substituted unless it matches the same predictor, outcome, time, measure, and threshold."
explicitly_validated_inph_shunt_response_threshold,BIOMARKERS | CSF phosphorylated tau | Shunt responder vs nonresponder | Varied | SMD | Continuous biomarker,BIOMARKERS,FT-030,False,ANCHOR_LOST,"No alternative review is substituted unless it matches the same predictor, outcome, time, measure, and threshold."
explicitly_validated_inph_shunt_response_threshold,BIOMARKERS | CSF total tau | Shunt responder vs nonresponder | Varied | SMD | Continuous biomarker,BIOMARKERS,FT-030,False,ANCHOR_LOST,"No alternative review is substituted unless it matches the same predictor, outcome, time, measure, and threshold."
explicitly_validated_inph_shunt_response_threshold,BIOMARKERS | CSF amyloid-β42 | Shunt responder vs nonresponder | Varied | SMD | Continuous biomarker,BIOMARKERS,FT-030,False,ANCHOR_LOST,"No alternative review is substituted unless it matches the same predictor, outcome, time, measure, and threshold."
explicitly_validated_inph_shunt_response_threshold,COMPARATIVE_PROGNOSTIC_TESTS | Intracranial pressure monitoring | Shunt response | Varied | DOR | Study-specific,COMPARATIVE_PROGNOSTIC_TESTS,FT-031,False,ANCHOR_LOST,"No alternative review is substituted unless it matches the same predictor, outcome, time, measure, and threshold."
explicitly_validated_inph_shunt_response_threshold,COMPARATIVE_PROGNOSTIC_TESTS | Intracranial pressure monitoring | Shunt response | Varied | AUC | Study-specific,COMPARATIVE_PROGNOSTIC_TESTS,FT-031,False,ANCHOR_LOST,"No alternative review is substituted unless it matches the same predictor, outcome, time, measure, and threshold."
explicitly_validated_inph_shunt_response_threshold,COMPARATIVE_PROGNOSTIC_TESTS | Extended lumbar drainage | Shunt response | Varied | DOR | Study-specific,COMPARATIVE_PROGNOSTIC_TESTS,FT-031,False,ANCHOR_LOST,"No alternative review is substituted unless it matches the same predictor, outcome, time, measure, and threshold."
explicitly_validated_inph_shunt_response_threshold,COMPARATIVE_PROGNOSTIC_TESTS | Extended lumbar drainage | Shunt response | Varied | AUC | Study-specific,COMPARATIVE_PROGNOSTIC_TESTS,FT-031,False,ANCHOR_LOST,"No alternative review is substituted unless it matches the same predictor, outcome, time, measure, and threshold."
explicitly_validated_inph_shunt_response_threshold,COMPARATIVE_PROGNOSTIC_TESTS | Infusion test | Shunt response | Varied | DOR | Study-specific,COMPARATIVE_PROGNOSTIC_TESTS,FT-031,False,ANCHOR_LOST,"No alternative review is substituted unless it matches the same predictor, outcome, time, measure, and threshold."
explicitly_validated_inph_shunt_response_threshold,COMPARATIVE_PROGNOSTIC_TESTS | Infusion test | Shunt response | Varied | AUC | Study-specific,COMPARATIVE_PROGNOSTIC_TESTS,FT-031,False,ANCHOR_LOST,"No alternative review is substituted unless it matches the same predictor, outcome, time, measure, and threshold."
explicitly_validated_inph_shunt_response_threshold,COMPARATIVE_PROGNOSTIC_TESTS | Tap test | Shunt response | Varied | DOR | Study-specific,COMPARATIVE_PROGNOSTIC_TESTS,FT-031,False,ANCHOR_LOST,"No alternative review is substituted unless it matches the same predictor, outcome, time, measure, and threshold."
explicitly_validated_inph_shunt_response_threshold,COMPARATIVE_PROGNOSTIC_TESTS | Tap test | Shunt response | Varied | AUC | Study-specific,COMPARATIVE_PROGNOSTIC_TESTS,FT-031,False,ANCHOR_LOST,"No alternative review is substituted unless it matches the same predictor, outcome, time, measure, and threshold."
explicitly_validated_inph_shunt_response_threshold,ELD_DTA | Extended lumbar drainage | Post-shunt response | Varied | Sensitivity | Study-specific ELD response,ELD_DTA,FT-036,False,ANCHOR_LOST,"No alternative review is substituted unless it matches the same predictor, outcome, time, measure, and threshold."
explicitly_validated_inph_shunt_response_threshold,ELD_DTA | Extended lumbar drainage | Post-shunt response | Varied | Specificity | Study-specific ELD response,ELD_DTA,FT-036,False,ANCHOR_LOST,"No alternative review is substituted unless it matches the same predictor, outcome, time, measure, and threshold."
explicitly_validated_inph_shunt_response_threshold,ELD_DTA | Extended lumbar drainage | Post-shunt response | Varied | PPV | Study-specific ELD response,ELD_DTA,FT-036,False,ANCHOR_LOST,"No alternative review is substituted unless it matches the same predictor, outcome, time, measure, and threshold."
explicitly_validated_inph_shunt_response_threshold,ELD_DTA | Extended lumbar drainage | Post-shunt response | Varied | NPV | Study-specific ELD response,ELD_DTA,FT-036,False,ANCHOR_LOST,"No alternative review is substituted unless it matches the same predictor, outcome, time, measure, and threshold."
explicitly_validated_inph_shunt_response_threshold,COGNITIVE_CHANGE | Digit Span backward | Post-shunt mean change | Post-shunt; varied | MD | NR,COGNITIVE_CHANGE,FT-002,False,ANCHOR_LOST,"No alternative review is substituted unless it matches the same predictor, outcome, time, measure, and threshold."
explicitly_validated_inph_shunt_response_threshold,COGNITIVE_CHANGE | Frontal Assessment Battery | Post-shunt mean change | Post-shunt; varied | MD | NR,COGNITIVE_CHANGE,FT-002,False,ANCHOR_LOST,"No alternative review is substituted unless it matches the same predictor, outcome, time, measure, and threshold."
explicitly_validated_inph_shunt_response_threshold,COGNITIVE_CHANGE | Trail Making Test B | Post-shunt mean change | Post-shunt; varied | MD | NR,COGNITIVE_CHANGE,FT-002,False,ANCHOR_LOST,"No alternative review is substituted unless it matches the same predictor, outcome, time, measure, and threshold."
explicitly_validated_inph_shunt_response_threshold,COGNITIVE_CHANGE | Grooved Pegboard dominant | Post-shunt mean change | Post-shunt; varied | MD | NR,COGNITIVE_CHANGE,FT-002,False,ANCHOR_LOST,"No alternative review is substituted unless it matches the same predictor, outcome, time, measure, and threshold."
explicitly_validated_inph_shunt_response_threshold,COGNITIVE_CHANGE | Trail Making Test A | Post-shunt mean change | Post-shunt; varied | MD | NR,COGNITIVE_CHANGE,FT-002,False,ANCHOR_LOST,"No alternative review is substituted unless it matches the same predictor, outcome, time, measure, and threshold."
explicitly_validated_inph_shunt_response_threshold,COGNITIVE_CHANGE | RAVLT learning | Post-shunt mean change | Post-shunt; varied | MD | NR,COGNITIVE_CHANGE,FT-002,False,ANCHOR_LOST,"No alternative review is substituted unless it matches the same predictor, outcome, time, measure, and threshold."
explicitly_validated_inph_shunt_response_threshold,COGNITIVE_CHANGE | RAVLT delayed | Post-shunt mean change | Post-shunt; varied | MD | NR,COGNITIVE_CHANGE,FT-002,False,ANCHOR_LOST,"No alternative review is substituted unless it matches the same predictor, outcome, time, measure, and threshold."
explicitly_validated_inph_shunt_response_threshold,COGNITIVE_CHANGE | MoCA | Post-shunt mean change | Post-shunt; varied | MD | NR,COGNITIVE_CHANGE,FT-002,False,ANCHOR_LOST,"No alternative review is substituted unless it matches the same predictor, outcome, time, measure, and threshold."
explicitly_validated_inph_shunt_response_threshold,COGNITIVE_CHANGE | MMSE | Post-shunt mean change | Post-shunt; varied | MD | NR,COGNITIVE_CHANGE,FT-002,False,ANCHOR_LOST,"No alternative review is substituted unless it matches the same predictor, outcome, time, measure, and threshold."
explicitly_validated_inph_shunt_response_threshold,SURVIVAL | Poor vs good gait score | Overall survival | Long-term post-shunt | HR | NR,SURVIVAL,FT-019,False,ANCHOR_LOST,"No alternative review is substituted unless it matches the same predictor, outcome, time, measure, and threshold."
explicitly_validated_inph_shunt_response_threshold,SURVIVAL | Poor vs good continence score | Overall survival | Long-term post-shunt | HR | NR,SURVIVAL,FT-019,False,ANCHOR_LOST,"No alternative review is substituted unless it matches the same predictor, outcome, time, measure, and threshold."
explicitly_validated_inph_shunt_response_threshold,SURVIVAL | mRS ≥3 vs 0–2 | Overall survival | Long-term post-shunt | HR | NR,SURVIVAL,FT-019,False,ANCHOR_LOST,"No alternative review is substituted unless it matches the same predictor, outcome, time, measure, and threshold."
explicitly_validated_inph_shunt_response_threshold,SURVIVAL | All shunted NPH | Median survival | Long-term post-shunt | Median | NR,SURVIVAL,FT-019,False,ANCHOR_LOST,"No alternative review is substituted unless it matches the same predictor, outcome, time, measure, and threshold."
explicitly_validated_inph_shunt_response_threshold,GAIT_CHANGE | Tap responders | Gait velocity after tap | After CSF tap test | Hedges g | NR,GAIT_CHANGE,FT-024,False,ANCHOR_LOST,"No alternative review is substituted unless it matches the same predictor, outcome, time, measure, and threshold."
explicitly_validated_inph_shunt_response_threshold,STRUCTURAL_IMAGING | DESH | Sensitivity | Varied | Sensitivity | NR,STRUCTURAL_IMAGING,FT-032,False,ANCHOR_LOST,"No alternative review is substituted unless it matches the same predictor, outcome, time, measure, and threshold."
explicitly_validated_inph_shunt_response_threshold,STRUCTURAL_IMAGING | DESH | Specificity | Varied | Specificity | NR,STRUCTURAL_IMAGING,FT-032,False,ANCHOR_LOST,"No alternative review is substituted unless it matches the same predictor, outcome, time, measure, and threshold."
explicitly_validated_inph_shunt_response_threshold,STRUCTURAL_IMAGING | DESH | Discrimination | Varied | AUC | NR,STRUCTURAL_IMAGING,FT-032,False,ANCHOR_LOST,"No alternative review is substituted unless it matches the same predictor, outcome, time, measure, and threshold."
explicitly_validated_inph_shunt_response_threshold,STRUCTURAL_IMAGING | DESH | Prevalence in iNPH | Varied | Proportion | NR,STRUCTURAL_IMAGING,FT-032,False,ANCHOR_LOST,"No alternative review is substituted unless it matches the same predictor, outcome, time, measure, and threshold."
exclude_all_current_team_authored_reviews,COGNITIVE_CHANGE | Shunt surgery | Any cognitive improvement | Post-shunt; varied | Pooled proportion (%) | NA,COGNITIVE_CHANGE,FT-002,True,ANCHOR_RETAINED,"No alternative review is substituted unless it matches the same predictor, outcome, time, measure, and threshold."
exclude_all_current_team_authored_reviews,COGNITIVE_CHANGE | Shunt surgery | Objectively defined cognitive improvement | Post-shunt; varied | Pooled proportion (%) | NA,COGNITIVE_CHANGE,FT-002,True,ANCHOR_RETAINED,"No alternative review is substituted unless it matches the same predictor, outcome, time, measure, and threshold."
exclude_all_current_team_authored_reviews,COMPLEX_PHENOTYPE | Complex vs pure iNPH phenotype | Global shunt response | Varied follow-up | OR | NA,COMPLEX_PHENOTYPE,FT-003,False,ANCHOR_LOST,"No alternative review is substituted unless it matches the same predictor, outcome, time, measure, and threshold."
exclude_all_current_team_authored_reviews,COMPLEX_PHENOTYPE | Complex vs pure iNPH phenotype | Urinary improvement | Mean ~4 months / varied | OR | NA,COMPLEX_PHENOTYPE,FT-003,False,ANCHOR_LOST,"No alternative review is substituted unless it matches the same predictor, outcome, time, measure, and threshold."
exclude_all_current_team_authored_reviews,COMPLEX_PHENOTYPE | Complex iNPH; within-group pre-post | Post-shunt Cognition | Varied | SMCR | NA,COMPLEX_PHENOTYPE,FT-003,False,ANCHOR_LOST,"No alternative review is substituted unless it matches the same predictor, outcome, time, measure, and threshold."
exclude_all_current_team_authored_reviews,COMPLEX_PHENOTYPE | Complex iNPH; within-group pre-post | Post-shunt Gait | Varied | SMCR | NA,COMPLEX_PHENOTYPE,FT-003,False,ANCHOR_LOST,"No alternative review is substituted unless it matches the same predictor, outcome, time, measure, and threshold."
exclude_all_current_team_authored_reviews,COMPLEX_PHENOTYPE | Complex iNPH; within-group pre-post | Post-shunt General function | Varied | SMCR | NA,COMPLEX_PHENOTYPE,FT-003,False,ANCHOR_LOST,"No alternative review is substituted unless it matches the same predictor, outcome, time, measure, and threshold."
exclude_all_current_team_authored_reviews,COMPLEX_PHENOTYPE | Complex iNPH; within-group pre-post | Post-shunt Incontinence | Varied | SMCR | NA,COMPLEX_PHENOTYPE,FT-003,False,ANCHOR_LOST,"No alternative review is substituted unless it matches the same predictor, outcome, time, measure, and threshold."
exclude_all_current_team_authored_reviews,COMPLEX_PHENOTYPE | Complex minus pure iNPH phenotype | Difference in post-shunt Cognition change | Varied | Difference in SMCR | NA,COMPLEX_PHENOTYPE,FT-003,False,ANCHOR_LOST,"No alternative review is substituted unless it matches the same predictor, outcome, time, measure, and threshold."
exclude_all_current_team_authored_reviews,COMPLEX_PHENOTYPE | Complex minus pure iNPH phenotype | Difference in post-shunt Gait change | Varied | Difference in SMCR | NA,COMPLEX_PHENOTYPE,FT-003,False,ANCHOR_LOST,"No alternative review is substituted unless it matches the same predictor, outcome, time, measure, and threshold."
exclude_all_current_team_authored_reviews,COMPLEX_PHENOTYPE | Complex minus pure iNPH phenotype | Difference in post-shunt General function change | Varied | Difference in SMCR | NA,COMPLEX_PHENOTYPE,FT-003,False,ANCHOR_LOST,"No alternative review is substituted unless it matches the same predictor, outcome, time, measure, and threshold."
exclude_all_current_team_authored_reviews,COMPLEX_PHENOTYPE | Complex minus pure iNPH phenotype | Difference in post-shunt Incontinence change | Varied | Difference in SMCR | NA,COMPLEX_PHENOTYPE,FT-003,False,ANCHOR_LOST,"No alternative review is substituted unless it matches the same predictor, outcome, time, measure, and threshold."
exclude_all_current_team_authored_reviews,COMPLEX_PHENOTYPE | Phenotype × follow-up time | Incontinence trajectory | Months | Meta-regression beta (SMCR/month) | NA,COMPLEX_PHENOTYPE,FT-003,False,ANCHOR_LOST,"No alternative review is substituted unless it matches the same predictor, outcome, time, measure, and threshold."
exclude_all_current_team_authored_reviews,ROUT_THRESHOLDS | Lumbar infusion test—Rout | Shunt response | 3–12 months | Sensitivity | Rout >12 mmHg/mL/min,ROUT_THRESHOLDS,FT-010,True,ANCHOR_RETAINED,"No alternative review is substituted unless it matches the same predictor, outcome, time, measure, and threshold."
exclude_all_current_team_authored_reviews,ROUT_THRESHOLDS | Lumbar infusion test—Rout | Shunt response | 3–12 months | Specificity | Rout >12 mmHg/mL/min,ROUT_THRESHOLDS,FT-010,True,ANCHOR_RETAINED,"No alternative review is substituted unless it matches the same predictor, outcome, time, measure, and threshold."
exclude_all_current_team_authored_reviews,ROUT_THRESHOLDS | Lumbar infusion test—Rout | Shunt nonresponse | 3–12 months | NPV at 65% response prevalence | Rout >12 mmHg/mL/min,ROUT_THRESHOLDS,FT-010,True,ANCHOR_RETAINED,"No alternative review is substituted unless it matches the same predictor, outcome, time, measure, and threshold."
exclude_all_current_team_authored_reviews,ROUT_THRESHOLDS | Lumbar infusion test—Rout | Shunt response | 3–12 months | Sensitivity | Rout >14 mmHg/mL/min,ROUT_THRESHOLDS,FT-010,True,ANCHOR_RETAINED,"No alternative review is substituted unless it matches the same predictor, outcome, time, measure, and threshold."
exclude_all_current_team_authored_reviews,ROUT_THRESHOLDS | Lumbar infusion test—Rout | Shunt response | 3–12 months | Specificity | Rout >14 mmHg/mL/min,ROUT_THRESHOLDS,FT-010,True,ANCHOR_RETAINED,"No alternative review is substituted unless it matches the same predictor, outcome, time, measure, and threshold."
exclude_all_current_team_authored_reviews,ROUT_THRESHOLDS | Lumbar infusion test—Rout | Shunt nonresponse | 3–12 months | NPV at 65% response prevalence | Rout >14 mmHg/mL/min,ROUT_THRESHOLDS,FT-010,True,ANCHOR_RETAINED,"No alternative review is substituted unless it matches the same predictor, outcome, time, measure, and threshold."
exclude_all_current_team_authored_reviews,ROUT_THRESHOLDS | Lumbar infusion test—Rout | Shunt response | 3–12 months | Sensitivity | Rout >18 mmHg/mL/min,ROUT_THRESHOLDS,FT-010,True,ANCHOR_RETAINED,"No alternative review is substituted unless it matches the same predictor, outcome, time, measure, and threshold."
exclude_all_current_team_authored_reviews,ROUT_THRESHOLDS | Lumbar infusion test—Rout | Shunt response | 3–12 months | Specificity | Rout >18 mmHg/mL/min,ROUT_THRESHOLDS,FT-010,True,ANCHOR_RETAINED,"No alternative review is substituted unless it matches the same predictor, outcome, time, measure, and threshold."
exclude_all_current_team_authored_reviews,ROUT_THRESHOLDS | Lumbar infusion test—Rout | Shunt nonresponse | 3–12 months | NPV at 65% response prevalence | Rout >18 mmHg/mL/min,ROUT_THRESHOLDS,FT-010,True,ANCHOR_RETAINED,"No alternative review is substituted unless it matches the same predictor, outcome, time, measure, and threshold."
exclude_all_current_team_authored_reviews,TAP_TEST_DTA | CSF tap test | Post-shunt clinical response | Varied | Sensitivity | Study-specific,TAP_TEST_DTA,FT-012,True,ANCHOR_RETAINED,"No alternative review is substituted unless it matches the same predictor, outcome, time, measure, and threshold."
exclude_all_current_team_authored_reviews,TAP_TEST_DTA | CSF tap test | Post-shunt clinical response | Varied | Specificity | Study-specific,TAP_TEST_DTA,FT-012,True,ANCHOR_RETAINED,"No alternative review is substituted unless it matches the same predictor, outcome, time, measure, and threshold."
exclude_all_current_team_authored_reviews,LIT_DTA | Lumbar infusion test | Post-shunt clinical response | Varied | Sensitivity | Study-specific,LIT_DTA,FT-012,True,ANCHOR_RETAINED,"No alternative review is substituted unless it matches the same predictor, outcome, time, measure, and threshold."
exclude_all_current_team_authored_reviews,LIT_DTA | Lumbar infusion test | Post-shunt clinical response | Varied | Specificity | Study-specific,LIT_DTA,FT-012,True,ANCHOR_RETAINED,"No alternative review is substituted unless it matches the same predictor, outcome, time, measure, and threshold."
exclude_all_current_team_authored_reviews,STRUCTURAL_IMAGING | Callosal angle | Shunt responder vs nonresponder | Varied | DOR | Study-specific,STRUCTURAL_IMAGING,FT-028,True,ANCHOR_RETAINED,"No alternative review is substituted unless it matches the same predictor, outcome, time, measure, and threshold."
exclude_all_current_team_authored_reviews,STRUCTURAL_IMAGING | Periventricular white matter changes | Shunt responder vs nonresponder | Varied | DOR | Study-specific,STRUCTURAL_IMAGING,FT-028,True,ANCHOR_RETAINED,"No alternative review is substituted unless it matches the same predictor, outcome, time, measure, and threshold."
exclude_all_current_team_authored_reviews,STRUCTURAL_IMAGING | DESH | Shunt responder vs nonresponder | Varied | Pooled DOR | Study-specific,STRUCTURAL_IMAGING,FT-028,True,ANCHOR_RETAINED,"No alternative review is substituted unless it matches the same predictor, outcome, time, measure, and threshold."
exclude_all_current_team_authored_reviews,STRUCTURAL_IMAGING | CT cisternography | Shunt responder vs nonresponder | Varied | Pooled DOR | Study-specific,STRUCTURAL_IMAGING,FT-028,True,ANCHOR_RETAINED,"No alternative review is substituted unless it matches the same predictor, outcome, time, measure, and threshold."
exclude_all_current_team_authored_reviews,STRUCTURAL_IMAGING | Cerebral blood flow | Shunt responder vs nonresponder | Varied | Pooled DOR | Study-specific,STRUCTURAL_IMAGING,FT-028,True,ANCHOR_RETAINED,"No alternative review is substituted unless it matches the same predictor, outcome, time, measure, and threshold."
exclude_all_current_team_authored_reviews,BIOMARKERS | CSF phosphorylated tau | Shunt responder vs nonresponder | Varied | SMD | Continuous biomarker,BIOMARKERS,FT-030,True,ANCHOR_RETAINED,"No alternative review is substituted unless it matches the same predictor, outcome, time, measure, and threshold."
exclude_all_current_team_authored_reviews,BIOMARKERS | CSF total tau | Shunt responder vs nonresponder | Varied | SMD | Continuous biomarker,BIOMARKERS,FT-030,True,ANCHOR_RETAINED,"No alternative review is substituted unless it matches the same predictor, outcome, time, measure, and threshold."
exclude_all_current_team_authored_reviews,BIOMARKERS | CSF amyloid-β42 | Shunt responder vs nonresponder | Varied | SMD | Continuous biomarker,BIOMARKERS,FT-030,True,ANCHOR_RETAINED,"No alternative review is substituted unless it matches the same predictor, outcome, time, measure, and threshold."
exclude_all_current_team_authored_reviews,COMPARATIVE_PROGNOSTIC_TESTS | Intracranial pressure monitoring | Shunt response | Varied | DOR | Study-specific,COMPARATIVE_PROGNOSTIC_TESTS,FT-031,True,ANCHOR_RETAINED,"No alternative review is substituted unless it matches the same predictor, outcome, time, measure, and threshold."
exclude_all_current_team_authored_reviews,COMPARATIVE_PROGNOSTIC_TESTS | Intracranial pressure monitoring | Shunt response | Varied | AUC | Study-specific,COMPARATIVE_PROGNOSTIC_TESTS,FT-031,True,ANCHOR_RETAINED,"No alternative review is substituted unless it matches the same predictor, outcome, time, measure, and threshold."
exclude_all_current_team_authored_reviews,COMPARATIVE_PROGNOSTIC_TESTS | Extended lumbar drainage | Shunt response | Varied | DOR | Study-specific,COMPARATIVE_PROGNOSTIC_TESTS,FT-031,True,ANCHOR_RETAINED,"No alternative review is substituted unless it matches the same predictor, outcome, time, measure, and threshold."
exclude_all_current_team_authored_reviews,COMPARATIVE_PROGNOSTIC_TESTS | Extended lumbar drainage | Shunt response | Varied | AUC | Study-specific,COMPARATIVE_PROGNOSTIC_TESTS,FT-031,True,ANCHOR_RETAINED,"No alternative review is substituted unless it matches the same predictor, outcome, time, measure, and threshold."
exclude_all_current_team_authored_reviews,COMPARATIVE_PROGNOSTIC_TESTS | Infusion test | Shunt response | Varied | DOR | Study-specific,COMPARATIVE_PROGNOSTIC_TESTS,FT-031,True,ANCHOR_RETAINED,"No alternative review is substituted unless it matches the same predictor, outcome, time, measure, and threshold."
exclude_all_current_team_authored_reviews,COMPARATIVE_PROGNOSTIC_TESTS | Infusion test | Shunt response | Varied | AUC | Study-specific,COMPARATIVE_PROGNOSTIC_TESTS,FT-031,True,ANCHOR_RETAINED,"No alternative review is substituted unless it matches the same predictor, outcome, time, measure, and threshold."
exclude_all_current_team_authored_reviews,COMPARATIVE_PROGNOSTIC_TESTS | Tap test | Shunt response | Varied | DOR | Study-specific,COMPARATIVE_PROGNOSTIC_TESTS,FT-031,True,ANCHOR_RETAINED,"No alternative review is substituted unless it matches the same predictor, outcome, time, measure, and threshold."
exclude_all_current_team_authored_reviews,COMPARATIVE_PROGNOSTIC_TESTS | Tap test | Shunt response | Varied | AUC | Study-specific,COMPARATIVE_PROGNOSTIC_TESTS,FT-031,True,ANCHOR_RETAINED,"No alternative review is substituted unless it matches the same predictor, outcome, time, measure, and threshold."
exclude_all_current_team_authored_reviews,ELD_DTA | Extended lumbar drainage | Post-shunt response | Varied | Sensitivity | Study-specific ELD response,ELD_DTA,FT-036,True,ANCHOR_RETAINED,"No alternative review is substituted unless it matches the same predictor, outcome, time, measure, and threshold."
exclude_all_current_team_authored_reviews,ELD_DTA | Extended lumbar drainage | Post-shunt response | Varied | Specificity | Study-specific ELD response,ELD_DTA,FT-036,True,ANCHOR_RETAINED,"No alternative review is substituted unless it matches the same predictor, outcome, time, measure, and threshold."
exclude_all_current_team_authored_reviews,ELD_DTA | Extended lumbar drainage | Post-shunt response | Varied | PPV | Study-specific ELD response,ELD_DTA,FT-036,True,ANCHOR_RETAINED,"No alternative review is substituted unless it matches the same predictor, outcome, time, measure, and threshold."
exclude_all_current_team_authored_reviews,ELD_DTA | Extended lumbar drainage | Post-shunt response | Varied | NPV | Study-specific ELD response,ELD_DTA,FT-036,True,ANCHOR_RETAINED,"No alternative review is substituted unless it matches the same predictor, outcome, time, measure, and threshold."
exclude_all_current_team_authored_reviews,COGNITIVE_CHANGE | Digit Span backward | Post-shunt mean change | Post-shunt; varied | MD | NR,COGNITIVE_CHANGE,FT-002,True,ANCHOR_RETAINED,"No alternative review is substituted unless it matches the same predictor, outcome, time, measure, and threshold."
exclude_all_current_team_authored_reviews,COGNITIVE_CHANGE | Frontal Assessment Battery | Post-shunt mean change | Post-shunt; varied | MD | NR,COGNITIVE_CHANGE,FT-002,True,ANCHOR_RETAINED,"No alternative review is substituted unless it matches the same predictor, outcome, time, measure, and threshold."
exclude_all_current_team_authored_reviews,COGNITIVE_CHANGE | Trail Making Test B | Post-shunt mean change | Post-shunt; varied | MD | NR,COGNITIVE_CHANGE,FT-002,True,ANCHOR_RETAINED,"No alternative review is substituted unless it matches the same predictor, outcome, time, measure, and threshold."
exclude_all_current_team_authored_reviews,COGNITIVE_CHANGE | Grooved Pegboard dominant | Post-shunt mean change | Post-shunt; varied | MD | NR,COGNITIVE_CHANGE,FT-002,True,ANCHOR_RETAINED,"No alternative review is substituted unless it matches the same predictor, outcome, time, measure, and threshold."
exclude_all_current_team_authored_reviews,COGNITIVE_CHANGE | Trail Making Test A | Post-shunt mean change | Post-shunt; varied | MD | NR,COGNITIVE_CHANGE,FT-002,True,ANCHOR_RETAINED,"No alternative review is substituted unless it matches the same predictor, outcome, time, measure, and threshold."
exclude_all_current_team_authored_reviews,COGNITIVE_CHANGE | RAVLT learning | Post-shunt mean change | Post-shunt; varied | MD | NR,COGNITIVE_CHANGE,FT-002,True,ANCHOR_RETAINED,"No alternative review is substituted unless it matches the same predictor, outcome, time, measure, and threshold."
exclude_all_current_team_authored_reviews,COGNITIVE_CHANGE | RAVLT delayed | Post-shunt mean change | Post-shunt; varied | MD | NR,COGNITIVE_CHANGE,FT-002,True,ANCHOR_RETAINED,"No alternative review is substituted unless it matches the same predictor, outcome, time, measure, and threshold."
exclude_all_current_team_authored_reviews,COGNITIVE_CHANGE | MoCA | Post-shunt mean change | Post-shunt; varied | MD | NR,COGNITIVE_CHANGE,FT-002,True,ANCHOR_RETAINED,"No alternative review is substituted unless it matches the same predictor, outcome, time, measure, and threshold."
exclude_all_current_team_authored_reviews,COGNITIVE_CHANGE | MMSE | Post-shunt mean change | Post-shunt; varied | MD | NR,COGNITIVE_CHANGE,FT-002,True,ANCHOR_RETAINED,"No alternative review is substituted unless it matches the same predictor, outcome, time, measure, and threshold."
exclude_all_current_team_authored_reviews,SURVIVAL | Poor vs good gait score | Overall survival | Long-term post-shunt | HR | NR,SURVIVAL,FT-019,True,ANCHOR_RETAINED,"No alternative review is substituted unless it matches the same predictor, outcome, time, measure, and threshold."
exclude_all_current_team_authored_reviews,SURVIVAL | Poor vs good continence score | Overall survival | Long-term post-shunt | HR | NR,SURVIVAL,FT-019,True,ANCHOR_RETAINED,"No alternative review is substituted unless it matches the same predictor, outcome, time, measure, and threshold."
exclude_all_current_team_authored_reviews,SURVIVAL | mRS ≥3 vs 0–2 | Overall survival | Long-term post-shunt | HR | NR,SURVIVAL,FT-019,True,ANCHOR_RETAINED,"No alternative review is substituted unless it matches the same predictor, outcome, time, measure, and threshold."
exclude_all_current_team_authored_reviews,SURVIVAL | All shunted NPH | Median survival | Long-term post-shunt | Median | NR,SURVIVAL,FT-019,True,ANCHOR_RETAINED,"No alternative review is substituted unless it matches the same predictor, outcome, time, measure, and threshold."
exclude_all_current_team_authored_reviews,GAIT_CHANGE | Tap responders | Gait velocity after tap | After CSF tap test | Hedges g | NR,GAIT_CHANGE,FT-024,True,ANCHOR_RETAINED,"No alternative review is substituted unless it matches the same predictor, outcome, time, measure, and threshold."
exclude_all_current_team_authored_reviews,STRUCTURAL_IMAGING | DESH | Sensitivity | Varied | Sensitivity | NR,STRUCTURAL_IMAGING,FT-032,True,ANCHOR_RETAINED,"No alternative review is substituted unless it matches the same predictor, outcome, time, measure, and threshold."
exclude_all_current_team_authored_reviews,STRUCTURAL_IMAGING | DESH | Specificity | Varied | Specificity | NR,STRUCTURAL_IMAGING,FT-032,True,ANCHOR_RETAINED,"No alternative review is substituted unless it matches the same predictor, outcome, time, measure, and threshold."
exclude_all_current_team_authored_reviews,STRUCTURAL_IMAGING | DESH | Discrimination | Varied | AUC | NR,STRUCTURAL_IMAGING,FT-032,True,ANCHOR_RETAINED,"No alternative review is substituted unless it matches the same predictor, outcome, time, measure, and threshold."
exclude_all_current_team_authored_reviews,STRUCTURAL_IMAGING | DESH | Prevalence in iNPH | Varied | Proportion | NR,STRUCTURAL_IMAGING,FT-032,True,ANCHOR_RETAINED,"No alternative review is substituted unless it matches the same predictor, outcome, time, measure, and threshold."
